domain,institution_key,unitid,academic_year,source_url,verification_status,last_verified_at,display_name,state_code,city,website_url,control,level,active_as_of_academic_year
institutions,ipeds-208275,208275,2023-24,https://nces.ed.gov/ipeds/datacenter/data/HD2023.zip,verified,2026-10-02,Blue Mountain Community College,OR,Pendleton,https://www.bluecc.edu/,public,two_year,True
institutions,ipeds-208318,208318,2023-24,https://nces.ed.gov/ipeds/datacenter/data/HD2023.zip,verified,2026-10-02,Central Oregon Community College,OR,Bend,www.cocc.edu/,public,two_year,True
institutions,ipeds-208390,208390,2023-24,https://nces.ed.gov/ipeds/datacenter/data/HD2023.zip,verified,2026-10-02,Chemeketa Community College,OR,Salem,www.chemeketa.edu/,public,four_year,True
institutions,ipeds-208406,208406,2023-24,https://nces.ed.gov/ipeds/datacenter/data/HD2023.zip,verified,2026-10-02,Clackamas Community College,OR,Oregon City,www.clackamas.edu/,public,two_year,True
institutions,ipeds-208415,208415,2023-24,https://nces.ed.gov/ipeds/datacenter/data/HD2023.zip,verified,2026-10-02,Clatsop Community College,OR,Astoria,www.clatsopcc.edu/,public,two_year,True
institutions,ipeds-208433,208433,2023-24,https://nces.ed.gov/ipeds/datacenter/data/HD2023.zip,verified,2026-10-02,College of Hair Design Careers,OR,Salem,www.collegeofhairdesigncareers.com/,private_for_profit,two_year,True
institutions,ipeds-208479,208479,2023-24,https://nces.ed.gov/ipeds/datacenter/data/HD2023.zip,verified,2026-10-02,Concorde Career College-Portland,OR,Portland,https://www.concorde.edu/campus/portland-oregon,private_for_profit,two_year,True
institutions,ipeds-208512,208512,2023-24,https://nces.ed.gov/ipeds/datacenter/data/HD2023.zip,verified,2026-10-02,Sumner College,OR,Portland,sumnercollege.edu/,private_for_profit,four_year,True
institutions,ipeds-208637,208637,2023-24,https://nces.ed.gov/ipeds/datacenter/data/HD2023.zip,verified,2026-10-02,East West College of the Healing Arts,OR,Portland,www.eastwestcollege.edu/,private_for_profit,less_than_two_year,True
institutions,ipeds-208646,208646,2023-24,https://nces.ed.gov/ipeds/datacenter/data/HD2023.zip,verified,2026-10-02,Eastern Oregon University,OR,La Grande,www.eou.edu/,public,four_year,True
institutions,ipeds-208725,208725,2023-24,https://nces.ed.gov/ipeds/datacenter/data/HD2023.zip,verified,2026-10-02,New Hope Christian College-Eugene,OR,Eugene,www.newhope.edu/,private_nonprofit,four_year,True
institutions,ipeds-208822,208822,2023-24,https://nces.ed.gov/ipeds/datacenter/data/HD2023.zip,verified,2026-10-02,George Fox University,OR,Newberg,https://www.georgefox.edu/,private_nonprofit,four_year,True
institutions,ipeds-208859,208859,2023-24,https://nces.ed.gov/ipeds/datacenter/data/HD2023.zip,verified,2026-10-02,Phagans Grants Pass College of Beauty,OR,Grants Pass,www.phagans-schools.com/,private_for_profit,two_year,True
institutions,ipeds-209038,209038,2023-24,https://nces.ed.gov/ipeds/datacenter/data/HD2023.zip,verified,2026-10-02,Lane Community College,OR,Eugene,https://www.lanecc.edu/,public,two_year,True
institutions,ipeds-209056,209056,2023-24,https://nces.ed.gov/ipeds/datacenter/data/HD2023.zip,verified,2026-10-02,Lewis & Clark College,OR,Portland,www.lclark.edu/,private_nonprofit,four_year,True
institutions,ipeds-209065,209065,2023-24,https://nces.ed.gov/ipeds/datacenter/data/HD2023.zip,verified,2026-10-02,Linfield University,OR,McMinnville,https://www.linfield.edu/,private_nonprofit,four_year,True
institutions,ipeds-209074,209074,2023-24,https://nces.ed.gov/ipeds/datacenter/data/HD2023.zip,verified,2026-10-02,Linn-Benton Community College,OR,Albany,https://www.linnbenton.edu/,public,two_year,True
institutions,ipeds-209083,209083,2023-24,https://nces.ed.gov/ipeds/datacenter/data/HD2023.zip,verified,2026-10-02,Northwest College-Beaverton,OR,Beaverton,www.nwcollege.edu/,private_for_profit,two_year,True
institutions,ipeds-209153,209153,2023-24,https://nces.ed.gov/ipeds/datacenter/data/HD2023.zip,verified,2026-10-02,Phagans Medford Beauty School,OR,Medford,www.phagans-schools.com/,private_for_profit,two_year,True
institutions,ipeds-209205,209205,2023-24,https://nces.ed.gov/ipeds/datacenter/data/HD2023.zip,verified,2026-10-02,Northwest College-Clackamas,OR,Happy Valley,www.nwcollege.edu/,private_for_profit,two_year,True
institutions,ipeds-209241,209241,2023-24,https://nces.ed.gov/ipeds/datacenter/data/HD2023.zip,verified,2026-10-02,Mount Angel Seminary,OR,Saint Benedict,https://www.mountangelabbey.org/seminary,private_nonprofit,four_year,True
institutions,ipeds-209250,209250,2023-24,https://nces.ed.gov/ipeds/datacenter/data/HD2023.zip,verified,2026-10-02,Mt Hood Community College,OR,Gresham,www.mhcc.edu/,public,four_year,True
institutions,ipeds-209287,209287,2023-24,https://nces.ed.gov/ipeds/datacenter/data/HD2023.zip,verified,2026-10-02,Multnomah University,OR,Portland,https://www.multnomah.edu/,private_nonprofit,four_year,True
institutions,ipeds-209296,209296,2023-24,https://nces.ed.gov/ipeds/datacenter/data/HD2023.zip,verified,2026-10-02,National University of Natural Medicine,OR,Portland,https://www.nunm.edu/,private_nonprofit,four_year,True
institutions,ipeds-209409,209409,2023-24,https://nces.ed.gov/ipeds/datacenter/data/HD2023.zip,verified,2026-10-02,Bushnell University,OR,Eugene,www.bushnell.edu/,private_nonprofit,four_year,True
institutions,ipeds-209490,209490,2023-24,https://nces.ed.gov/ipeds/datacenter/data/HD2023.zip,verified,2026-10-02,Oregon Health & Science University,OR,Portland,www.ohsu.edu/,public,four_year,True
institutions,ipeds-209506,209506,2023-24,https://nces.ed.gov/ipeds/datacenter/data/HD2023.zip,verified,2026-10-02,Oregon Institute of Technology,OR,Klamath Falls,https://www.oit.edu/,public,four_year,True
institutions,ipeds-209542,209542,2023-24,https://nces.ed.gov/ipeds/datacenter/data/HD2023.zip,verified,2026-10-02,Oregon State University,OR,Corvallis,https://oregonstate.edu/,public,four_year,True
institutions,ipeds-209551,209551,2023-24,https://nces.ed.gov/ipeds/datacenter/data/HD2023.zip,verified,2026-10-02,University of Oregon,OR,Eugene,https://www.uoregon.edu/,public,four_year,True
institutions,ipeds-209603,209603,2023-24,https://nces.ed.gov/ipeds/datacenter/data/HD2023.zip,verified,2026-10-02,Pacific Northwest College of Art,OR,Portland,willamette.edu/pnca/index.html,private_nonprofit,four_year,True
institutions,ipeds-209612,209612,2023-24,https://nces.ed.gov/ipeds/datacenter/data/HD2023.zip,verified,2026-10-02,Pacific University,OR,Forest Grove,https://www.pacificu.edu/,private_nonprofit,four_year,True
institutions,ipeds-209667,209667,2023-24,https://nces.ed.gov/ipeds/datacenter/data/HD2023.zip,verified,2026-10-02,Phagans Beauty College,OR,Corvallis,www.phagans-schools.com/,private_for_profit,two_year,True
institutions,ipeds-209676,209676,2023-24,https://nces.ed.gov/ipeds/datacenter/data/HD2023.zip,verified,2026-10-02,Phagans Central Oregon Beauty College,OR,Bend,www.phagans-schools.com/,private_for_profit,two_year,True
institutions,ipeds-209694,209694,2023-24,https://nces.ed.gov/ipeds/datacenter/data/HD2023.zip,verified,2026-10-02,Phagans School of Beauty,OR,Salem,www.phagans-schools.com/,private_for_profit,two_year,True
institutions,ipeds-209700,209700,2023-24,https://nces.ed.gov/ipeds/datacenter/data/HD2023.zip,verified,2026-10-02,Phagans School of Hair Design,OR,Happy Valley,https://www.phagans.com/,private_for_profit,two_year,True
institutions,ipeds-209719,209719,2023-24,https://nces.ed.gov/ipeds/datacenter/data/HD2023.zip,verified,2026-10-02,Summit Salon Academy-Portland,OR,Tigard,www.summitsalonacademyportland.com/,private_for_profit,two_year,True
institutions,ipeds-209746,209746,2023-24,https://nces.ed.gov/ipeds/datacenter/data/HD2023.zip,verified,2026-10-02,Portland Community College,OR,Portland,www.pcc.edu/,public,two_year,True
institutions,ipeds-209807,209807,2023-24,https://nces.ed.gov/ipeds/datacenter/data/HD2023.zip,verified,2026-10-02,Portland State University,OR,Portland,www.pdx.edu/,public,four_year,True
institutions,ipeds-209825,209825,2023-24,https://nces.ed.gov/ipeds/datacenter/data/HD2023.zip,verified,2026-10-02,University of Portland,OR,Portland,https://www.up.edu/,private_nonprofit,four_year,True
institutions,ipeds-209922,209922,2023-24,https://nces.ed.gov/ipeds/datacenter/data/HD2023.zip,verified,2026-10-02,Reed College,OR,Portland,https://www.reed.edu/,private_nonprofit,four_year,True
institutions,ipeds-209940,209940,2023-24,https://nces.ed.gov/ipeds/datacenter/data/HD2023.zip,verified,2026-10-02,Rogue Community College,OR,Grants Pass,www.roguecc.edu/,public,two_year,True
institutions,ipeds-210146,210146,2023-24,https://nces.ed.gov/ipeds/datacenter/data/HD2023.zip,verified,2026-10-02,Southern Oregon University,OR,Ashland,www.sou.edu/,public,four_year,True
institutions,ipeds-210155,210155,2023-24,https://nces.ed.gov/ipeds/datacenter/data/HD2023.zip,verified,2026-10-02,Southwestern Oregon Community College,OR,Coos Bay,www.socc.edu/,public,two_year,True
institutions,ipeds-210234,210234,2023-24,https://nces.ed.gov/ipeds/datacenter/data/HD2023.zip,verified,2026-10-02,Treasure Valley Community College,OR,Ontario,https://www.tvcc.cc/,public,two_year,True
institutions,ipeds-210270,210270,2023-24,https://nces.ed.gov/ipeds/datacenter/data/HD2023.zip,verified,2026-10-02,Umpqua Community College,OR,Roseburg,https://www.umpqua.edu/,public,two_year,True
institutions,ipeds-210304,210304,2023-24,https://nces.ed.gov/ipeds/datacenter/data/HD2023.zip,verified,2026-10-02,Warner Pacific University,OR,Portland,https://www.warnerpacific.edu/,private_nonprofit,four_year,True
institutions,ipeds-210331,210331,2023-24,https://nces.ed.gov/ipeds/datacenter/data/HD2023.zip,verified,2026-10-02,Corban University,OR,Salem,https://www.corban.edu/,private_nonprofit,four_year,True
institutions,ipeds-210368,210368,2023-24,https://nces.ed.gov/ipeds/datacenter/data/HD2023.zip,verified,2026-10-02,Western Seminary,OR,Portland,www.westernseminary.edu/,private_nonprofit,four_year,True
institutions,ipeds-210401,210401,2023-24,https://nces.ed.gov/ipeds/datacenter/data/HD2023.zip,verified,2026-10-02,Willamette University,OR,Salem,www.willamette.edu/,private_nonprofit,four_year,True
institutions,ipeds-210429,210429,2023-24,https://nces.ed.gov/ipeds/datacenter/data/HD2023.zip,verified,2026-10-02,Western Oregon University,OR,Monmouth,https://wou.edu/,public,four_year,True
institutions,ipeds-210438,210438,2023-24,https://nces.ed.gov/ipeds/datacenter/data/HD2023.zip,verified,2026-10-02,University of Western States,OR,Portland,https://www.uws.edu/,private_nonprofit,four_year,True
institutions,ipeds-246035,246035,2023-24,https://nces.ed.gov/ipeds/datacenter/data/HD2023.zip,verified,2026-10-02,Carrington College-Portland,OR,Portland,https://carrington.edu/,private_for_profit,less_than_two_year,True
institutions,ipeds-369659,369659,2023-24,https://nces.ed.gov/ipeds/datacenter/data/HD2023.zip,verified,2026-10-02,Oregon College of Oriental Medicine,OR,Portland,ocom.edu/,private_nonprofit,four_year,True
institutions,ipeds-407610,407610,2023-24,https://nces.ed.gov/ipeds/datacenter/data/HD2023.zip,verified,2026-10-02,Pacific Bible College,OR,Medford,pacificbible.edu/,private_nonprofit,four_year,True
institutions,ipeds-420556,420556,2023-24,https://nces.ed.gov/ipeds/datacenter/data/HD2023.zip,verified,2026-10-02,Columbia Gorge Community College,OR,The Dalles,www.cgcc.edu/,public,two_year,True
institutions,ipeds-420723,420723,2023-24,https://nces.ed.gov/ipeds/datacenter/data/HD2023.zip,verified,2026-10-02,Tillamook Bay Community College,OR,Tillamook,tillamookbaycc.edu/,public,two_year,True
institutions,ipeds-423652,423652,2023-24,https://nces.ed.gov/ipeds/datacenter/data/HD2023.zip,verified,2026-10-02,Oregon Coast Community College,OR,Newport,www.oregoncoastcc.org/,public,two_year,True
institutions,ipeds-428392,428392,2023-24,https://nces.ed.gov/ipeds/datacenter/data/HD2023.zip,verified,2026-10-02,Klamath Community College,OR,Klamath Falls,https://www.klamathcc.edu/,public,two_year,True
institutions,ipeds-440828,440828,2023-24,https://nces.ed.gov/ipeds/datacenter/data/HD2023.zip,verified,2026-10-02,Oregon State University-Cascades Campus,OR,Bend,https://osucascades.edu/,public,four_year,True
institutions,ipeds-441168,441168,2023-24,https://nces.ed.gov/ipeds/datacenter/data/HD2023.zip,verified,2026-10-02,Northwest College-Hillsboro,OR,Hillsboro,www.nwcollege.edu/,private_for_profit,two_year,True
institutions,ipeds-441663,441663,2023-24,https://nces.ed.gov/ipeds/datacenter/data/HD2023.zip,verified,2026-10-02,Institute of Technology,OR,Salem,www.iot.edu/,private_for_profit,two_year,True
institutions,ipeds-443599,443599,2023-24,https://nces.ed.gov/ipeds/datacenter/data/HD2023.zip,verified,2026-10-02,American College of Healthcare Sciences,OR,Portland,www.achs.edu/,private_for_profit,four_year,True
institutions,ipeds-457925,457925,2023-24,https://nces.ed.gov/ipeds/datacenter/data/HD2023.zip,verified,2026-10-02,Portland Actors Conservatory,OR,Portland,pac.edu/,private_nonprofit,two_year,True
institutions,ipeds-459499,459499,2023-24,https://nces.ed.gov/ipeds/datacenter/data/HD2023.zip,verified,2026-10-02,Sage School of Massage & Esthetics,OR,Bend,https://www.sageschoolofmassage.com/,private_for_profit,less_than_two_year,True
institutions,ipeds-460862,460862,2023-24,https://nces.ed.gov/ipeds/datacenter/data/HD2023.zip,verified,2026-10-02,Aveda Institute-Portland,OR,Portland,avedapdx.com/,private_for_profit,two_year,True
institutions,ipeds-468246,468246,2023-24,https://nces.ed.gov/ipeds/datacenter/data/HD2023.zip,verified,2026-10-02,Northwest College-Eugene,OR,Springfield,www.nwcollege.edu/,private_for_profit,two_year,True
institutions,ipeds-468255,468255,2023-24,https://nces.ed.gov/ipeds/datacenter/data/HD2023.zip,verified,2026-10-02,Northwest College-Tualatin,OR,Tualatin,www.nwcollege.edu/,private_for_profit,two_year,True
institutions,ipeds-480198,480198,2023-24,https://nces.ed.gov/ipeds/datacenter/data/HD2023.zip,verified,2026-10-02,Warner Pacific University Professional and Graduate Studies,OR,Portland,https://www.warnerpacific.edu/,private_nonprofit,four_year,True
institutions,ipeds-484950,484950,2023-24,https://nces.ed.gov/ipeds/datacenter/data/HD2023.zip,verified,2026-10-02,Northwest College-Medford,OR,Medford,www.nwcollege.edu/,private_for_profit,two_year,True
institutions,ipeds-485166,485166,2023-24,https://nces.ed.gov/ipeds/datacenter/data/HD2023.zip,verified,2026-10-02,Beau Monde Academy of Barbering and Cosmetology,OR,Portland,www.beaumondeacademy.com/,private_for_profit,less_than_two_year,True
institutions,ipeds-488590,488590,2023-24,https://nces.ed.gov/ipeds/datacenter/data/HD2023.zip,verified,2026-10-02,Christian Culinary Academy,OR,Cannon Beach,https://www.christianculinary.org/,private_nonprofit,less_than_two_year,True
institutions,ipeds-491242,491242,2023-24,https://nces.ed.gov/ipeds/datacenter/data/HD2023.zip,verified,2026-10-02,Johnny Matthew's Hairdressing Training School,OR,Salem,www.johnnymatthews.com/,private_for_profit,less_than_two_year,True
institutions,ipeds-495262,495262,2023-24,https://nces.ed.gov/ipeds/datacenter/data/HD2023.zip,verified,2026-10-02,Premiere Aesthetics Institute,OR,Bend,www.premiereaestheticsinstitute.com/,private_for_profit,less_than_two_year,True
