unitid,first_time,instcat
100654,1990,2
100663,2095,2
100706,1176,2
100724,951,2
100751,8279,2
100760,381,4
100830,413,2
100858,5935,2
100937,148,2
101028,272,4
101116,24,2
101143,554,4
101161,1505,4
101189,249,2
101240,1079,4
101277,33,6
101286,706,4
101295,1285,4
101301,271,4
101365,83,3
101435,309,2
101453,6,2
101462,147,4
101471,419,6
101480,1815,2
101505,1332,4
101514,1775,4
101569,735,4
101587,315,2
101602,445,4
101648,173,4
101675,179,2
101693,288,2
101709,501,2
101736,591,4
101879,1104,2
101897,491,4
101912,290,2
101994,86,4
102030,715,4
102049,1080,2
102058,14,2
102067,972,4
102076,559,4
102094,1920,2
102234,216,2
102270,200,2
102298,204,2
102313,440,4
102368,1717,2
102377,859,2
102395,29,2
102429,658,4
102553,1306,2
102580,4,2
102614,770,2
102632,148,2
102669,30,2
102711,390,6
102845,625,3
103501,180,4
103741,97,6
103893,193,4
103909,62,4
103927,107,4
103954,7,6
103963,164,4
104090,62,3
104151,14102,2
104160,1318,4
104179,9158,2
104346,1829,4
104391,85,6
104425,770,4
104443,46,6
104568,293,6
104577,884,4
104586,833,2
104708,2287,3
104717,8154,2
105145,457,3
105154,2332,4
105206,563,4
105215,110,4
105297,140,3
105330,5473,2
105349,106,4
105428,1277,4
105525,3730,4
105534,179,3
105543,140,4
105589,23,2
105659,290,4
105668,1157,3
105677,8,6
105747,816,4
105792,680,4
105899,376,2
106041,437,4
106148,848,3
106245,478,2
106306,61,2
106315,7,6
106324,42,6
106342,237,2
106351,7,6
106397,6337,2
106412,411,2
106449,606,4
106458,1660,2
106467,1467,3
106485,480,3
106494,14,6
106546,9,4
106625,269,4
106704,1737,2
106713,104,2
106795,289,4
106810,39,2
106883,147,4
106908,26,6
106980,532,4
106999,252,4
107044,864,2
107071,306,2
107080,275,2
107099,9,6
107141,384,2
107220,199,6
107293,32,6
107318,103,4
107327,179,4
107442,13,6
107460,343,4
107488,215,6
107512,469,2
107521,139,4
107549,145,4
107558,188,2
107585,484,4
107600,188,2
107619,113,4
107637,166,4
107655,12,6
107664,785,4
107725,155,4
107743,209,4
107789,20,6
107831,15,6
107840,66,4
107877,134,2
107974,184,4
107983,797,2
107992,209,4
108065,7,6
108092,886,3
108232,381,2
108667,730,4
108807,1143,4
108852,55,4
108861,10,1
108977,43,6
109040,100,4
109208,3765,4
109350,2613,3
109651,319,2
109721,107,6
109730,27,6
109785,420,2
109819,2093,3
109907,516,4
109934,46,6
110060,40,2
110097,753,2
110194,211,6
110219,519,3
110246,1708,4
110334,1392,4
110361,1282,2
110370,186,2
110404,266,2
110413,575,2
110422,5278,2
110486,1204,2
110495,1046,2
110510,2244,2
110529,4311,2
110538,2171,2
110547,1721,2
110556,3661,2
110565,7070,2
110574,994,2
110583,5756,2
110592,3614,2
110608,5545,2
110617,3884,2
110635,6641,2
110644,6577,2
110653,6796,2
110662,6585,2
110671,5521,2
110680,7005,2
110705,5043,2
110714,4381,2
110875,21,6
111054,16,6
111081,177,2
111188,143,2
111434,907,4
111461,2461,4
111513,32,6
111638,67,3
111708,29,6
111717,43,6
111726,21,6
111744,34,6
111762,24,6
111799,35,6
111887,4176,4
111896,673,4
111920,2704,4
111939,2859,4
111948,1806,2
111966,7,2
112075,290,2
112084,9,2
112172,1743,4
112181,37,6
112190,2560,4
112260,321,2
112288,559,6
112367,57,6
112385,1024,4
112394,55,2
112455,21,6
112561,461,4
112570,18,2
112686,551,4
112826,834,4
113096,2701,4
113111,1122,4
113193,966,4
113218,1205,4
113236,2775,3
113333,3534,4
113449,46,6
113573,2089,4
113582,2,2
113634,2734,4
113698,250,2
113856,4145,4
113980,5401,4
114266,1746,4
114354,48,3
114433,261,3
114460,33,6
114637,2,6
114716,2045,3
114761,18,6
114789,3387,4
114813,211,2
114859,3455,4
114938,989,4
114947,95,6
115001,2060,4
115010,231,3
115126,2007,4
115296,2279,4
115357,33,6
115393,1867,4
115409,224,2
115658,13,6
115755,955,2
115773,4,2
115861,1470,4
115931,140,4
116226,2,3
116439,2640,4
116563,1,6
117052,1016,4
117104,74,2
117140,743,2
117168,135,2
117195,608,4
117238,44,6
117247,1173,4
117274,320,4
117283,18,3
117557,105,2
117575,3,2
117627,258,2
117645,4407,4
117672,4,2
117690,1351,4
117706,3062,4
117715,707,4
117724,2672,4
117733,2491,4
117751,368,2
117788,1916,4
117867,1655,4
117894,1664,4
117946,1535,2
117955,44,6
118134,12,6
118143,9,6
118161,7,6
118198,251,4
118347,799,4
118684,374,4
118693,174,2
118718,2299,4
118772,765,4
118888,487,2
118912,2220,3
118930,1149,4
118958,14,6
118976,3542,3
118994,37,6
119067,953,4
119137,2696,4
119164,5022,4
119173,448,2
119216,3749,4
119270,138,3
119331,638,4
119553,288,6
119605,82,2
119775,8,2
119951,78,6
120069,79,6
120078,80,4
120087,75,6
120166,18,2
120254,532,2
120290,1660,4
120342,4060,4
120403,236,2
120421,1483,4
120537,88,2
120661,152,4
120768,2,2
120838,4,2
120865,139,2
120883,773,2
120953,600,4
120971,3144,4
121044,4793,4
121150,732,2
121257,275,2
121309,657,2
121345,408,2
121363,422,4
121433,13,6
121619,3462,3
121637,12,6
121691,442,2
121707,709,4
121859,40,6
121868,53,6
121886,3647,3
121901,4212,4
122180,2821,4
122205,2933,4
122339,1775,4
122375,2703,3
122384,1715,4
122409,6162,2
122436,1245,2
122506,50,2
122597,2985,2
122612,1124,2
122658,3218,4
122685,339,3
122694,135,4
122728,190,2
122746,1566,4
122755,4520,2
122791,1552,4
122889,2644,4
122931,1552,2
122977,4718,3
123013,1855,4
123165,275,2
123217,2547,4
123280,1,2
123299,740,3
123341,2489,4
123350,48,6
123457,145,2
123484,322,4
123493,45,6
123509,1197,3
123527,2988,4
123554,503,2
123563,1605,3
123572,911,2
123642,5,4
123651,500,2
123679,166,4
123800,3877,4
123952,35,2
123961,3633,2
124113,953,4
124292,143,2
124487,1,2
124681,200,6
124706,223,4
124937,134,4
125028,2281,4
125082,18,6
125091,2876,4
125170,895,4
125231,151,2
125310,5,6
125462,497,4
125471,1402,3
125499,1344,4
125532,382,3
125727,320,2
125763,145,2
125897,107,2
126076,61,2
126119,776,4
126182,320,2
126207,1127,3
126289,1297,3
126359,28,4
126562,1609,2
126580,1747,2
126605,51,4
126614,7546,2
126669,704,2
126678,517,2
126687,93,3
126711,399,3
126748,133,4
126775,1445,2
126784,14,4
126818,5293,2
126827,1533,2
126863,798,4
126915,121,6
126942,1294,3
126951,350,4
127060,1458,2
127158,1780,6
127185,812,2
127200,2300,3
127316,40,6
127389,173,4
127556,1806,2
127565,2324,2
127617,165,3
127653,24,2
127714,12,2
127732,307,4
127741,1229,2
127778,254,4
127820,2108,3
127884,612,3
127909,1120,3
127918,499,2
127945,174,2
127954,4,5
128106,678,2
128151,405,6
128179,102,4
128188,151,4
128258,405,3
128328,1054,2
128337,57,6
128391,423,2
128498,176,2
128586,24,3
128744,231,2
128771,1441,2
128780,26,2
128896,105,6
128902,555,2
129002,89,6
129020,4189,2
129154,439,3
129181,376,6
129215,614,2
129242,1436,2
129349,36,6
129367,7978,4
129482,39,6
129525,1311,2
129534,20,2
129774,83,2
129923,305,6
129932,271,6
129941,1296,2
130110,40,2
130174,403,6
130183,1770,2
130226,1797,2
130253,1905,2
130314,173,2
130493,1227,2
130590,579,2
130624,287,2
130697,782,2
130776,711,2
130794,1641,2
130873,336,6
130907,2516,3
130934,1405,2
130943,4548,2
130989,153,2
131061,93,6
131113,793,2
131159,1856,2
131283,861,2
131399,614,2
131450,149,2
131469,2539,2
131496,1599,2
131520,2268,2
131803,19,2
131876,250,2
132374,985,6
132408,29,2
132471,582,2
132602,702,2
132657,781,2
132675,32,6
132693,2141,3
132709,5267,3
132842,20,2
132851,1116,3
132879,22,2
132903,8196,2
132976,193,6
133021,375,3
133155,234,6
133386,1582,3
133465,8,2
133492,537,2
133508,2888,3
133526,313,2
133553,1931,2
133650,1397,2
133669,4417,2
133702,2552,3
133711,658,2
133809,196,3
133845,100,4
133854,109,4
133863,117,4
133872,97,2
133881,882,2
133951,5169,2
133960,145,3
133979,459,2
134024,10,6
134079,640,2
134097,5889,2
134130,6762,2
134228,28,6
134237,4683,2
134291,382,6
134307,233,6
134343,842,3
134422,3,4
134495,4869,3
134510,28,2
134529,114,6
134574,82,6
134608,3158,3
134714,78,6
134945,755,2
135081,1958,3
135142,42,6
135160,629,3
135179,247,6
135188,979,3
135267,417,6
135276,435,6
135294,133,6
135337,21,6
135364,9,2
135391,1824,3
135407,885,6
135522,239,6
135559,20,6
135610,4,2
135647,117,6
135717,8943,3
135726,2328,2
135735,408,6
136109,23,6
136145,214,3
136172,2816,2
136215,2029,2
136233,652,3
136303,153,6
136330,680,2
136358,4784,3
136400,2005,3
136473,1297,3
136491,183,6
136516,869,3
136659,111,6
136765,373,6
136774,447,2
136826,246,6
136950,638,2
137023,149,6
137032,632,2
137078,3251,3
137087,352,6
137096,2834,3
137120,535,6
137209,2164,3
137245,596,6
137272,7,2
137281,992,3
137315,594,3
137351,5803,2
137476,578,2
137546,638,2
137564,1034,2
137591,81,6
137713,88,6
137759,3656,3
137777,6,2
137847,2505,2
137856,64,6
137865,165,6
137953,98,2
137962,32,2
138187,8980,3
138275,255,2
138284,190,6
138293,270,2
138309,138,3
138354,1503,2
138372,305,6
138479,337,6
138488,130,6
138497,101,6
138558,1006,2
138600,241,2
138655,136,4
138664,33,4
138682,487,4
138716,1532,2
138761,108,3
138822,102,6
138840,700,4
138868,1084,2
138901,250,3
138938,25,6
138947,1069,2
138956,746,4
139144,577,2
139153,6,2
139199,205,2
139205,244,2
139250,710,2
139278,1296,4
139311,500,2
139357,657,4
139366,1067,2
139384,970,4
139393,246,2
139463,1088,2
139506,8,6
139579,18,2
139621,557,3
139630,204,2
139658,1426,2
139700,931,3
139719,728,2
139755,3763,2
139764,533,2
139861,1816,2
139931,4746,2
139940,4569,2
139959,6146,2
139968,727,3
139986,993,4
139995,274,4
140003,18,4
140012,1501,4
140234,183,2
140243,1117,4
140252,205,2
140331,1955,4
140340,44,3
140447,1041,2
140553,682,2
140571,75,2
140678,565,4
140696,391,2
140720,120,2
140818,286,2
140827,15,6
140872,318,2
140942,735,4
140951,3651,2
140960,732,2
140988,269,2
141006,371,4
141060,727,2
141167,145,2
141185,212,2
141237,217,2
141255,655,4
141264,1134,2
141325,100,2
141334,1361,2
141361,243,2
141486,376,2
141565,367,2
141574,3042,2
141608,12,6
141644,543,2
141680,423,4
141796,935,4
141802,200,4
141811,733,4
141839,383,3
141981,238,2
141990,334,4
142054,67,4
142090,25,2
142115,3122,2
142179,395,4
142276,1759,2
142285,1869,2
142294,297,2
142328,438,2
142407,18,6
142443,679,4
142461,246,2
142489,17,6
142522,4334,2
142559,1080,3
142887,32,2
142957,3,2
143048,676,2
143084,723,2
143118,829,2
143215,1151,4
143279,649,4
143288,86,2
143358,833,2
143376,3,6
143464,7,6
143473,18,6
143482,5,6
143491,33,6
143552,6,6
143613,310,4
143978,1,2
144005,222,2
144050,1625,2
144157,415,4
144166,1129,4
144175,328,4
144184,538,4
144193,657,4
144209,779,4
144218,1096,4
144281,1608,2
144351,327,2
144564,348,4
144573,31,6
144740,2943,2
144795,98,6
144865,3284,4
144883,194,2
144892,819,2
144944,1329,4
144962,607,2
144971,129,2
145099,50,6
145239,27,4
145309,18,6
145336,274,2
145354,4,6
145372,210,2
145406,38,6
145424,5,6
145433,15,6
145497,19,2
145521,296,4
145600,4647,2
145619,354,2
145637,8325,2
145646,441,2
145682,1357,4
145691,253,2
145707,248,4
145725,534,2
145813,4147,2
145831,521,4
146205,655,4
146278,537,4
146296,647,4
146339,178,2
146348,466,4
146366,491,4
146418,538,4
146427,249,2
146454,23,6
146472,2055,4
146481,425,2
146506,798,4
146603,560,4
146612,620,2
146667,2,2
146685,1183,4
146700,503,4
146719,3132,2
146807,6,6
146816,24,4
147004,627,4
147013,436,2
147129,14,2
147244,329,2
147341,211,2
147369,162,2
147378,1760,4
147396,19,4
147411,679,4
147536,790,2
147642,5,6
147660,516,2
147679,448,2
147703,2202,2
147767,2111,2
147776,553,2
147800,748,4
147819,41,6
147828,649,2
147916,899,4
148007,480,4
148016,84,2
148098,7,6
148131,327,2
148256,396,4
148292,138,4
148380,1077,4
148405,191,2
148487,599,2
148496,651,2
148584,238,2
148627,759,2
148654,259,2
148672,361,4
148821,222,4
148876,121,3
148937,262,4
148991,156,4
149028,2,2
149204,17,6
149222,1621,2
149231,1602,2
149310,22,4
149329,18,2
149365,355,4
149505,159,2
149514,14,2
149532,1343,4
149550,65,6
149639,17,2
149727,1457,4
149772,968,2
149781,553,2
149842,2234,4
150066,310,2
150136,3826,2
150145,226,2
150163,1151,2
150172,155,2
150251,10,4
150303,76,6
150400,499,2
150428,13,6
150455,202,2
150534,462,2
150604,256,2
150668,157,2
150677,452,2
150756,264,2
150765,52,6
150774,247,2
150853,19,6
150941,268,2
150987,13357,4
151102,1378,2
151111,3283,2
151263,807,2
151290,443,2
151306,1283,2
151324,1568,2
151333,482,2
151342,886,2
151351,9550,2
151360,470,2
151379,645,2
151388,336,2
151467,31,4
151564,5,6
151607,31,6
151661,273,4
151777,288,2
151786,620,2
151801,500,2
151810,24,2
151962,42,3
152044,69,6
152080,2075,2
152099,124,2
152150,13,6
152275,20,6
152309,22,6
152318,552,2
152336,418,2
152381,211,2
152390,420,2
152497,14,6
152530,562,2
152567,683,2
152600,596,2
152628,19,6
152637,1226,3
152673,229,2
152992,152,2
153001,217,2
153074,40,6
153083,26,6
153108,274,2
153126,199,2
153144,359,2
153162,298,2
153214,2868,4
153241,3,2
153250,461,2
153269,638,2
153278,325,2
153296,215,4
153302,52,3
153311,853,4
153320,126,2
153366,238,2
153375,337,2
153384,457,2
153427,13,3
153445,873,4
153463,12,6
153472,633,4
153524,1144,4
153533,414,4
153597,18,6
153603,5859,2
153630,1162,4
153658,5064,2
153737,2318,4
153746,21,6
153764,66,6
153773,46,6
153782,15,6
153825,257,2
153834,352,2
153861,63,2
153922,348,4
153977,81,2
154004,337,2
154013,208,2
154022,592,2
154059,478,4
154095,1552,2
154101,283,2
154110,432,4
154129,330,4
154208,79,6
154235,422,2
154262,7,3
154332,50,6
154350,342,2
154378,581,4
154396,284,4
154448,32,6
154457,19,6
154466,27,6
154493,158,2
154518,158,2
154527,424,2
154545,47,6
154572,799,4
154590,298,2
154642,293,4
154688,236,2
154697,740,4
154712,627,2
154721,174,2
154749,160,2
154800,1438,4
154855,81,2
154907,260,4
154925,395,4
154934,236,4
154952,534,4
154998,592,4
155007,48,3
155025,409,2
155052,118,4
155061,886,2
155070,48,2
155089,248,2
155098,264,4
155104,507,4
155140,223,3
155159,25,6
155177,109,3
155186,501,4
155195,856,4
155201,189,4
155210,2176,4
155283,195,3
155292,767,4
155308,16,2
155317,5259,2
155335,177,2
155353,66,6
155399,3187,2
155414,263,2
155423,211,6
155450,228,4
155487,92,4
155496,30,2
155511,241,2
155520,209,2
155566,288,4
155593,214,4
155618,176,4
155627,293,2
155681,877,2
155715,285,4
155812,221,2
155830,125,4
155858,410,4
155900,204,2
155937,142,2
155973,129,2
156082,942,2
156107,702,4
156125,1786,2
156134,120,6
156189,178,2
156213,358,2
156231,411,4
156286,632,2
156295,413,2
156310,57,6
156338,795,4
156356,149,2
156365,684,2
156392,1827,4
156408,361,2
156417,12,2
156426,37,6
156471,454,2
156541,645,2
156620,2782,2
156648,974,4
156745,307,2
156754,7,6
156790,362,4
156842,61,6
156851,197,4
156860,307,4
156921,1826,4
156967,2,6
157021,40,3
157030,12,2
157058,344,2
157076,234,2
157085,6437,2
157100,166,2
157216,435,2
157289,3117,2
157304,400,4
157331,612,4
157377,265,2
157386,1227,2
157401,1659,2
157438,682,4
157447,1295,2
157483,716,4
157535,315,2
157553,458,4
157614,42,6
157650,72,6
157669,32,6
157678,74,6
157711,1098,4
157739,442,4
157748,175,2
157757,117,2
157793,523,3
157809,398,2
157818,279,2
157863,198,2
157951,2822,2
158088,273,4
158246,122,6
158431,1206,4
158477,255,2
158538,7,6
158617,436,6
158662,2095,4
158778,16,6
158787,24,6
158802,248,2
158884,346,4
159009,954,2
159027,25,6
159197,166,4
159328,26,6
159382,482,2
159391,7521,2
159407,799,4
159416,285,2
159513,25,6
159522,5,6
159531,7,6
159568,220,2
159601,7,6
159647,2263,2
159656,695,2
159717,1063,2
159939,829,2
159948,132,2
159966,1169,2
159993,1049,2
160010,258,4
160038,1066,2
160065,33,2
160074,66,2
160117,18,6
160126,1,6
160199,12,6
160320,218,6
160409,14,2
160472,155,6
160481,505,4
160524,73,4
160579,713,4
160597,7,6
160612,2352,2
160621,1711,2
160630,154,2
160649,416,4
160658,3064,2
160667,588,4
160755,1867,2
160904,692,2
160959,81,2
160977,505,2
160995,78,3
161004,504,2
161022,6,3
161077,1229,4
161086,605,2
161138,629,4
161192,491,4
161208,11,4
161217,273,2
161226,230,2
161235,71,2
161253,1869,2
161299,230,2
161341,132,2
161457,589,2
161484,178,4
161493,45,6
161509,121,2
161518,279,2
161527,89,6
161545,1983,4
161554,718,2
161563,194,2
161572,723,2
161581,180,4
161688,356,4
161767,1917,4
161800,36,6
161855,12,6
161864,676,4
161873,41,2
162007,991,2
162061,70,2
162104,386,4
162122,1301,4
162168,389,4
162210,106,2
162283,407,2
162335,2,6
162371,207,6
162557,1208,4
162584,613,2
162609,210,4
162654,261,2
162690,805,4
162706,973,4
162760,303,2
162779,1504,4
162830,21,6
162928,1418,2
163028,390,4
163046,1112,2
163204,1334,2
163268,1977,2
163286,6197,2
163295,277,2
163338,728,2
163347,85,6
163408,20,6
163426,2800,4
163453,2282,2
163462,480,2
163532,43,2
163541,73,6
163578,191,2
163657,2191,4
163815,9,6
163851,1376,2
163912,442,2
163976,136,2
164076,3014,2
164155,1157,2
164173,793,2
164216,230,2
164270,424,2
164313,497,4
164368,157,2
164447,277,2
164465,488,2
164492,249,2
164535,9,6
164562,479,2
164580,626,2
164599,22,6
164614,4,2
164632,125,2
164739,1120,2
164748,1502,2
164775,215,4
164872,17,2
164924,2335,2
164988,3145,2
165015,865,2
165024,1580,2
165033,1453,4
165060,8,6
165112,1548,4
165167,5,2
165194,473,4
165255,80,6
165264,6,3
165334,629,2
165529,524,2
165574,339,2
165608,14,6
165635,50,6
165644,82,2
165662,997,2
165671,537,2
165699,896,2
165750,71,6
165802,205,2
165820,611,2
165866,499,2
165884,208,3
165936,327,2
165981,244,4
166018,259,2
166027,1644,2
166054,14,2
166124,823,2
166133,717,4
166391,314,2
166452,187,2
166489,12,1
166498,12,6
166513,2083,2
166629,5286,2
166638,2463,2
166647,932,4
166656,670,2
166674,432,2
166683,1091,2
166692,356,2
166805,9,6
166823,876,4
166850,1071,2
166887,1039,4
166911,56,2
166939,587,2
166957,583,4
167039,13,6
167057,101,2
167260,334,2
167288,191,2
167297,20,6
167312,837,4
167358,2744,2
167376,654,4
167394,196,2
167525,410,3
167534,1249,4
167598,209,2
167631,559,4
167729,810,2
167783,363,2
167792,102,3
167835,649,2
167871,76,6
167899,476,2
167905,955,4
167987,1376,2
167996,647,2
168005,1214,2
168032,12,6
168148,1735,2
168218,571,2
168227,980,2
168254,731,2
168263,712,2
168281,522,2
168342,541,2
168421,1360,2
168430,909,2
168528,484,2
168546,363,2
168555,25,6
168573,216,6
168591,346,2
168607,267,3
168740,272,2
168786,296,2
168847,356,2
168883,250,4
168892,48,6
169080,776,2
169187,11,6
169248,2044,2
169275,1446,4
169284,144,6
169327,85,2
169363,298,2
169442,262,2
169479,588,2
169503,35,6
169521,1282,4
169576,4,6
169655,722,4
169716,552,2
169761,95,4
169798,1898,2
169813,4,6
169910,1616,2
169974,208,4
169983,228,2
169992,172,4
170000,89,2
170037,305,2
170055,2820,4
170082,4836,2
170091,48,2
170240,2187,3
170286,353,2
170301,834,2
170444,632,3
170532,370,2
170541,1005,4
170550,610,4
170587,162,4
170611,40,6
170620,519,4
170639,254,2
170657,1754,4
170675,312,2
170736,19,6
170790,3207,4
170806,265,2
170967,142,2
170976,7466,2
171012,28,6
171100,9533,2
171128,1463,2
171137,1157,2
171146,533,2
171155,356,4
171225,363,4
171234,189,4
171304,841,4
171395,276,4
171456,1551,2
171483,589,3
171492,341,2
171535,3129,4
171571,2236,2
171599,334,2
171775,15,6
171881,37,2
171988,50,6
171997,81,6
172015,39,6
172033,2,2
172051,1292,2
172200,1297,3
172264,281,2
172291,545,4
172307,556,4
172334,206,2
172422,49,6
172495,47,6
172617,1427,4
172635,1759,4
172644,2988,2
172671,176,4
172680,19,6
172699,2472,2
172866,7,2
172918,487,4
172954,256,4
172963,1001,4
173045,684,2
173063,452,4
173115,131,4
173124,475,2
173142,189,2
173160,434,2
173203,453,4
173258,538,2
173300,438,2
173328,377,2
173416,538,4
173452,150,2
173461,564,4
173559,777,4
173638,394,4
173647,499,2
173665,395,2
173708,543,4
173735,587,4
173744,71,6
173799,466,4
173902,518,2
173911,384,4
173920,2411,2
173957,45,1
174020,154,2
174066,6740,2
174075,246,2
174127,169,2
174136,986,4
174154,115,2
174190,21,6
174233,1821,2
174251,273,2
174321,76,6
174358,609,2
174376,641,4
174428,1575,4
174437,222,2
174473,295,4
174491,364,2
174507,5,2
174525,23,3
174570,171,4
174738,725,4
174747,379,2
174756,588,4
174783,895,2
174792,365,2
174817,277,2
174844,825,2
174862,205,2
174899,349,2
174914,1681,2
174978,62,6
175005,377,2
175014,539,3
175041,782,4
175078,367,2
175120,253,6
175227,376,3
175236,504,4
175263,306,4
175272,1161,2
175315,1103,4
175342,505,2
175421,243,2
175430,109,2
175494,11,6
175519,433,4
175573,546,4
175616,218,2
175643,572,4
175652,772,4
175698,19,6
175722,4,6
175786,1739,4
175810,1039,4
175829,1487,4
175856,978,2
175883,671,4
175935,416,4
175980,153,2
176008,332,4
176017,5237,2
176035,159,2
176044,341,2
176053,674,2
176062,5,6
176071,1973,4
176080,3751,2
176169,902,4
176178,1474,4
176239,889,4
176318,99,2
176336,5,3
176354,489,4
176372,1733,2
176406,129,2
176433,8,6
176451,2,2
176479,204,2
176628,381,2
176664,109,2
176716,20,6
176770,10,2
176789,27,2
176798,88,6
176910,20,2
176947,228,2
176965,1061,2
176983,31,6
177038,3,2
177065,601,2
177083,8,2
177117,66,2
177135,854,4
177144,250,2
177214,336,2
177250,650,4
177302,337,4
177339,330,2
177418,160,2
177436,5,6
177472,2587,3
177542,78,2
177551,260,2
177588,13,6
177603,9,6
177676,915,4
177685,25,6
177746,240,2
177931,6,6
177940,348,2
177968,891,2
177977,938,4
177986,13,2
177995,2925,4
178059,846,2
178077,21,6
178183,19,4
178208,84,2
178217,620,4
178244,264,2
178341,579,2
178369,422,2
178387,602,2
178396,5139,2
178402,1289,2
178411,1196,2
178420,464,2
178448,980,4
178527,42,6
178615,645,2
178624,1035,2
178679,146,2
178697,256,2
178721,183,2
178767,5,3
178828,13,6
178891,721,3
179043,340,2
179159,1775,2
179195,4,6
179265,117,2
179308,2390,3
179326,266,2
179344,336,4
179511,18,6
179539,918,4
179548,74,2
179557,1287,2
179566,2841,2
179645,564,4
179715,470,4
179867,1828,2
179894,452,2
179946,159,2
179955,229,2
179964,232,2
179991,14,6
180054,50,3
180063,9,6
180081,145,4
180090,33,6
180106,273,2
180151,105,4
180160,26,4
180179,578,2
180197,309,4
180203,24,3
180212,59,4
180249,164,4
180258,113,2
180276,192,4
180328,95,4
180373,139,4
180416,294,2
180461,3634,2
180489,1652,2
180522,174,2
180595,211,2
180647,78,3
180692,299,2
180814,547,2
180832,36,2
180878,64,2
180902,795,4
180948,322,2
180957,11,6
180984,381,2
181002,1045,2
181020,246,2
181127,323,2
181190,13,6
181215,910,2
181297,55,2
181303,1146,4
181312,369,4
181330,283,2
181394,2156,2
181419,55,3
181446,440,2
181464,4699,2
181491,986,4
181534,220,2
181543,1,3
181604,89,2
181640,1726,4
181738,91,2
181765,100,4
181783,731,2
181817,315,4
181853,130,2
181880,53,6
182005,5859,3
182148,69,3
182281,4583,2
182290,3421,2
182306,257,3
182500,1731,3
182564,507,3
182634,174,2
182670,1206,2
182704,24,6
182722,5,6
182795,268,2
182892,71,6
182917,20,2
182980,237,2
183026,15343,2
183035,13,6
183044,2607,2
183062,728,2
183071,72,2
183080,985,2
183099,533,4
183105,121,4
183114,114,4
183123,146,4
183132,457,4
183141,286,4
183150,299,4
183202,5,6
183211,292,2
183239,573,2
183248,3,4
183257,44,2
183275,25,2
183488,115,3
183600,13,4
183655,997,4
183725,100,6
183743,2630,4
183789,200,2
183822,182,2
183859,1774,4
183877,1802,4
183910,345,2
183938,1289,4
183974,178,2
183983,52,6
184056,215,6
184092,123,6
184180,1367,4
184205,625,4
184348,404,2
184427,136,6
184481,1378,4
184506,70,6
184603,606,2
184612,350,2
184694,512,2
184746,126,6
184773,232,2
184782,2555,2
184791,1217,4
184816,70,6
184959,123,3
184968,1,6
184995,1793,4
185129,576,2
185262,1968,2
185396,662,6
185466,379,6
185509,1176,4
185536,2621,4
185572,975,2
185590,4039,2
185679,31,6
185721,114,4
185767,37,6
185828,1762,2
185873,1741,4
185970,19,6
186016,13,6
186034,759,4
186052,459,6
186131,1364,2
186186,53,2
186201,1012,2
186274,30,6
186283,806,2
186371,580,2
186380,7681,2
186399,1408,2
186432,453,2
186469,256,4
186584,1572,2
186593,40,6
186618,140,2
186645,1447,4
186867,1024,2
186876,1530,2
186900,10,2
187000,89,6
187134,1547,2
187198,1858,4
187444,886,2
187505,163,6
187532,2751,4
187596,228,3
187620,1197,4
187639,269,4
187648,490,2
187666,351,4
187745,58,2
187897,231,2
187903,1168,4
187912,179,4
187958,180,4
187967,222,2
187976,50,4
187985,3579,2
187994,157,4
188003,75,4
188021,109,4
188030,2391,2
188049,169,4
188058,133,3
188100,551,4
188137,438,4
188182,94,2
188216,45,4
188225,63,4
188261,152,4
188289,22,6
188304,349,2
188340,201,3
188429,1377,2
188438,670,4
188517,39,3
188526,134,2
188641,432,2
188650,148,6
188669,21,6
188678,105,4
188687,12,4
188854,387,3
188890,687,6
188915,3,4
188942,89,3
189088,402,2
189097,711,2
189219,101,6
189228,112,2
189255,76,6
189273,27,3
189404,7,6
189413,68,2
189468,141,6
189477,12,6
189547,1114,4
189565,54,3
189583,84,3
189592,56,3
189705,424,2
189714,27,6
189811,25,4
189839,371,4
189857,156,2
189990,37,6
190008,3,6
190044,608,2
190053,103,4
190099,807,2
190114,23,2
190150,1540,2
190169,275,4
190239,61,6
190318,42,6
190372,186,2
190415,3537,2
190442,447,4
190503,680,3
190512,2614,2
190521,4615,4
190530,1313,4
190549,1519,2
190558,2227,2
190567,2666,2
190576,16,2
190585,1046,4
190594,3175,2
190600,2033,2
190619,1772,4
190628,2243,4
190637,1390,2
190646,757,2
190655,3375,2
190664,2082,2
190673,2177,4
190691,684,2
190707,6,6
190716,242,2
190725,375,2
190752,20,2
190761,299,2
190840,1282,4
190956,3,4
190983,163,2
191083,2070,4
191126,1322,3
191199,991,4
191205,165,2
191241,2426,2
191302,270,4
191311,73,6
191339,577,4
191515,462,2
191533,360,2
191597,3,3
191612,354,4
191621,250,2
191630,462,2
191649,1593,2
191676,234,2
191719,1755,4
191728,389,6
191931,803,2
191940,37,6
191959,19,4
191968,1197,2
191986,570,4
192004,89,3
192022,531,4
192040,47,2
192110,95,2
192165,52,2
192192,229,2
192271,258,2
192323,607,2
192448,1120,2
192484,37,6
192509,125,4
192624,25,2
192688,47,4
192703,729,2
192712,142,2
192749,333,2
192785,46,3
192819,1287,2
192864,509,2
192961,1,4
193016,1165,2
193052,30,2
193061,5,3
193070,14,2
193201,70,4
193247,27,3
193265,60,6
193283,1053,4
193292,608,2
193308,1145,2
193326,1873,4
193353,188,2
193399,489,2
193478,2619,4
193584,461,2
193609,10,6
193654,1470,2
193858,98,4
193900,5818,2
193946,820,4
193973,580,2
193991,14,6
194028,327,4
194091,886,2
194116,32,2
194222,1560,4
194240,1096,4
194310,1949,2
194392,135,2
194435,10,6
194499,233,3
194569,3,2
194578,781,2
194657,40,2
194666,83,2
194693,25,3
194718,31,2
194736,45,3
194763,101,2
194824,1552,2
194958,211,2
195003,3056,2
195030,1543,2
195058,1168,4
195067,172,6
195128,190,2
195164,574,2
195173,507,2
195191,1,4
195216,545,2
195234,288,2
195243,244,2
195289,3,4
195304,411,2
195322,593,4
195474,809,2
195526,735,2
195544,491,2
195720,611,2
195784,25,4
195809,2674,2
195988,332,4
196006,1256,3
196015,474,2
196024,818,2
196033,540,2
196042,1676,2
196051,733,3
196060,2836,2
196079,3095,2
196088,4271,2
196097,3569,2
196103,398,2
196112,389,2
196121,1272,2
196130,1456,2
196149,1216,2
196158,644,2
196167,982,2
196176,1119,2
196185,1319,2
196194,1191,2
196200,430,2
196219,777,2
196237,720,2
196246,789,2
196264,169,2
196291,277,2
196389,524,4
196413,3672,2
196431,36,2
196440,3,2
196565,453,4
196583,14,2
196592,532,2
196653,65,3
196680,188,2
196699,415,4
196866,550,2
197018,493,2
197027,251,2
197036,1210,2
197045,577,2
197133,686,2
197142,161,2
197151,747,2
197197,398,2
197221,27,2
197230,129,2
197285,103,3
197294,2119,4
197337,6,6
197531,484,6
197601,38,2
197647,24,2
197674,52,2
197692,35,2
197708,626,2
197735,269,2
197744,12,3
197814,357,4
197850,445,4
197869,4227,2
197887,1155,4
197911,281,2
197966,150,4
197984,400,2
197993,49,2
198011,99,4
198039,380,4
198066,239,2
198084,331,4
198109,24,3
198118,455,4
198136,603,2
198154,1573,4
198206,307,4
198215,304,2
198233,514,4
198251,865,4
198260,1904,4
198303,161,2
198321,206,4
198330,605,4
198367,337,4
198376,534,4
198385,519,2
198419,1741,2
198455,557,4
198464,3941,2
198491,21,4
198507,347,2
198516,1677,2
198534,1168,4
198543,807,2
198552,1198,4
198561,411,2
198570,1023,4
198598,208,2
198613,365,2
198622,1798,4
198640,93,4
198668,181,4
198677,2,2
198695,1468,2
198710,230,4
198729,156,4
198756,283,2
198774,951,4
198808,199,2
198817,331,4
198835,377,2
198844,84,6
198862,269,2
198871,266,4
198899,318,2
198905,68,4
198914,86,4
198923,163,4
198950,325,2
198969,344,2
198978,15,3
198987,343,4
199005,15,6
199023,4,4
199032,201,2
199069,277,2
199078,21,6
199087,520,4
199102,2755,2
199111,630,2
199120,4699,2
199139,4501,2
199148,2613,2
199157,1465,2
199184,221,2
199193,5728,2
199209,250,2
199218,2701,2
199263,32,4
199272,159,2
199281,908,2
199306,195,2
199324,117,4
199333,1193,4
199412,399,2
199421,571,4
199449,266,4
199458,46,2
199467,36,4
199476,239,4
199485,284,4
199494,936,4
199582,162,2
199607,156,2
199625,235,4
199634,533,4
199643,186,2
199689,15,6
199698,229,2
199722,119,4
199731,185,4
199740,333,4
199759,77,2
199768,420,4
199786,476,4
199795,96,4
199838,316,4
199847,1385,2
199856,3606,4
199865,196,2
199892,381,4
199908,246,4
199926,482,4
199953,98,4
199962,708,2
199971,19,2
199980,31,6
199999,883,2
200004,2103,2
200013,1,3
200022,780,3
200059,228,2
200086,22,3
200110,28,6
200156,247,2
200192,216,4
200208,48,4
200217,559,2
200226,90,2
200253,365,2
200280,1766,2
200305,714,4
200314,106,4
200332,2214,2
200341,291,4
200466,39,3
200484,40,2
200527,152,3
200554,106,3
200572,194,2
200590,17,4
200785,87,3
200800,2091,2
200846,133,4
200873,12,2
201034,175,6
201061,57,2
201098,25,6
201104,519,2
201131,120,6
201140,1,1
201159,145,6
201177,43,2
201195,732,2
201283,149,4
201371,190,2
201432,613,3
201441,3114,2
201469,73,3
201478,1,6
201496,269,6
201539,17,6
201548,413,2
201645,1544,2
201654,1017,2
201672,306,3
201681,55,6
201690,574,2
201803,44,6
201821,88,2
201885,6922,2
201928,877,3
201946,560,3
201955,1483,3
201964,183,2
201973,402,3
202046,122,2
202073,44,2
202134,1592,2
202152,46,6
202170,189,2
202222,4282,4
202356,2734,4
202435,25,3
202453,33,6
202480,1904,2
202514,134,2
202523,636,2
202648,479,4
202657,122,6
202763,613,2
202806,231,2
202888,19,6
202903,62,2
202912,32,3
202949,73,6
202985,12,6
203030,9,6
203085,286,2
203128,231,2
203146,289,6
203155,472,4
203234,52,6
203289,20,4
203331,741,4
203368,556,2
203386,215,4
203438,26,6
203447,120,3
203456,32,3
203465,368,3
203474,170,3
203483,204,3
203492,136,3
203517,4278,2
203526,211,3
203535,455,2
203544,35,2
203580,187,2
203599,744,4
203614,86,6
203678,436,3
203720,51,4
203739,10,4
203748,1224,3
203757,149,2
203775,219,2
203845,314,2
203881,404,3
203942,34,6
203960,58,3
204006,475,2
204015,162,2
204024,3937,2
204121,36,6
204158,36,6
204176,26,2
204185,536,2
204194,278,2
204200,323,2
204255,256,3
204264,373,2
204334,67,6
204422,346,3
204431,23,6
204440,267,4
204459,14,6
204468,237,2
204486,877,3
204501,778,2
204608,329,4
204617,236,2
204635,587,2
204662,226,4
204671,263,2
204680,344,3
204699,338,3
204705,1407,3
204714,19,6
204723,153,6
204769,55,6
204778,32,6
204796,8062,2
204802,100,2
204820,182,3
204839,121,3
204848,207,2
204857,4591,2
204866,124,3
204884,7,4
204893,2,6
204909,428,2
204936,519,2
204945,993,4
204963,47,6
204981,44,6
205027,4,2
205054,50,3
205124,18,2
205142,29,6
205179,25,4
205203,192,3
205391,66,3
205443,635,2
205470,3507,3
205841,1368,4
205887,129,4
205957,674,2
205966,213,4
206011,375,4
206039,29,6
206048,504,2
206084,2117,2
206154,1,3
206172,21,6
206181,9,6
206321,21,6
206349,114,2
206437,336,2
206446,175,3
206491,204,2
206507,262,2
206525,383,2
206589,452,2
206604,1473,2
206613,252,2
206622,1229,2
206695,1609,2
206817,35,2
206835,195,2
206862,365,2
206905,50,6
206914,476,2
206923,233,4
206932,102,4
206941,1894,2
206996,586,4
207041,370,2
207050,266,4
207069,197,4
207087,27,6
207102,15,6
207157,55,2
207209,489,2
207236,232,4
207254,131,3
207263,666,2
207281,614,4
207290,683,4
207306,340,2
207324,323,2
207351,193,2
207388,4671,2
207397,711,3
207403,428,2
207449,1957,4
207458,375,2
207500,5198,2
207564,670,3
207582,853,2
207661,442,2
207670,1367,4
207704,36,6
207722,272,2
207740,309,4
207786,21,6
207847,530,2
207856,99,2
207865,734,2
207935,3272,4
207962,264,4
207971,594,2
208035,216,4
208044,5,6
208053,59,6
208275,265,4
208318,743,4
208390,1814,3
208406,1437,4
208415,131,4
208433,18,6
208479,94,4
208512,13,3
208637,22,6
208646,267,2
208725,10,2
208822,603,2
208859,39,6
209038,2022,4
209056,553,2
209065,345,2
209074,1044,4
209083,1,6
209153,30,6
209205,4,6
209241,2,2
209250,1290,3
209287,54,2
209409,83,2
209506,433,2
209542,4689,2
209551,5032,2
209603,119,2
209612,400,2
209667,54,6
209676,91,6
209694,33,6
209700,37,6
209719,46,6
209746,4119,4
209807,1580,2
209825,729,2
209922,350,2
209940,973,4
210146,657,2
210155,450,4
210234,190,4
210270,661,4
210304,26,2
210331,140,2
210401,504,2
210429,649,2
210492,75,2
210571,348,2
210599,160,4
210605,2648,4
210669,283,2
210711,15,6
210739,444,2
210748,17,6
210775,414,2
210784,37,6
211006,30,6
211024,66,2
211079,306,4
211088,420,2
211273,361,2
211291,1030,2
211307,1317,4
211316,36,6
211334,9,6
211343,561,4
211352,76,2
211431,226,2
211440,1708,2
211468,155,2
211477,94,3
211556,332,2
211583,180,2
211608,227,2
211635,13,6
211802,23,6
211893,25,2
211927,1607,4
211981,485,2
212009,525,2
212045,103,4
212054,2882,2
212106,1477,2
212115,1399,2
212133,503,2
212197,529,2
212230,18,6
212267,42,6
212276,50,6
212294,33,6
212300,34,6
212328,57,6
212337,31,6
212355,51,6
212382,73,6
212391,42,6
212434,51,4
212577,553,2
212601,619,2
212656,262,2
212674,604,2
212753,59,6
212805,557,2
212832,184,2
212869,179,4
212878,1633,4
212911,373,2
212975,55,4
212984,469,2
213011,281,2
213020,2025,2
213163,29,6
213181,69,4
213233,232,4
213251,390,2
213303,191,2
213321,396,2
213330,31,6
213349,1594,2
213358,172,2
213367,465,2
213376,444,3
213385,697,2
213400,179,2
213455,265,6
213473,9,4
213491,34,6
213507,480,2
213525,1321,4
213534,143,4
213543,1531,2
213570,185,4
213589,112,4
213598,551,2
213622,6,6
213659,803,4
213668,293,2
213774,119,3
213826,422,2
213914,45,4
213987,580,2
213996,596,2
214023,3,4
214041,1175,2
214069,408,2
214111,1685,4
214148,108,2
214157,515,2
214166,324,2
214175,427,2
214272,369,2
214290,237,4
214379,1427,4
214476,42,6
214528,48,6
214582,269,3
214591,866,2
214625,125,2
214634,73,2
214643,90,2
214652,237,2
214670,283,2
214689,859,2
214698,165,2
214704,591,2
214713,1210,2
214731,442,2
214740,98,3
214759,117,2
214768,200,2
214777,9040,2
214786,124,2
214795,133,2
214801,909,2
214810,157,2
214829,185,2
214883,21,2
214892,42,4
214944,284,4
214971,18,2
215008,16,6
215044,70,6
215053,95,2
215062,2415,2
215105,250,2
215114,260,2
215239,2881,4
215266,310,2
215275,388,2
215284,474,2
215293,4549,2
215309,13,4
215381,195,4
215390,29,4
215415,219,3
215442,519,2
215530,44,6
215585,895,4
215594,20,6
215637,42,3
215655,766,2
215682,170,4
215691,101,2
215743,379,2
215770,1196,2
215798,293,2
215886,47,6
215929,1028,2
215947,319,2
215974,40,6
215992,90,4
216010,1096,2
216038,1537,2
216047,12,2
216074,144,6
216083,79,4
216223,19,6
216278,578,2
216287,415,2
216296,690,4
216311,34,2
216339,3763,2
216357,219,2
216366,782,2
216436,9,4
216445,32,4
216454,19,4
216524,405,2
216542,97,2
216551,33,4
216579,41,6
216597,1749,2
216667,314,2
216694,336,2
216746,20,6
216764,3087,2
216773,19,6
216807,310,2
216825,548,4
216852,894,2
216931,513,2
216940,120,4
217013,199,2
217040,14,3
217059,805,2
217077,184,4
217156,1695,2
217165,948,2
217235,1056,2
217305,493,3
217323,159,6
217402,1197,2
217420,813,2
217475,3021,4
217484,3289,2
217493,504,2
217518,1022,2
217536,552,2
217581,58,6
217606,7,2
217615,562,4
217624,170,2
217633,849,2
217688,725,2
217712,426,4
217721,339,2
217749,549,2
217776,159,2
217794,54,6
217819,2637,2
217828,12,6
217837,288,4
217864,661,2
217873,457,2
217882,4494,2
217891,48,2
217907,172,2
217925,116,2
217934,204,2
217961,225,2
217989,172,4
217998,301,2
218025,828,4
218061,632,2
218070,620,2
218113,1380,3
218140,1235,4
218159,18,6
218195,19,6
218229,846,2
218238,348,2
218353,2130,4
218399,126,2
218414,470,2
218441,438,2
218487,379,4
218520,953,4
218539,265,2
218645,616,2
218654,503,2
218663,7319,2
218672,341,4
218681,157,4
218690,278,4
218706,124,4
218724,2775,2
218733,1079,2
218742,674,2
218821,445,3
218830,1211,4
218858,652,4
218885,2009,4
218894,2464,4
218919,129,2
218955,77,4
218964,867,2
218973,510,2
218991,1060,4
219000,456,2
219037,35,6
219046,489,2
219082,392,2
219091,184,2
219125,15,6
219143,635,4
219189,428,4
219198,163,2
219204,84,2
219240,4,2
219259,319,2
219277,119,3
219347,496,2
219356,2274,2
219374,77,2
219383,310,2
219408,48,3
219426,1124,4
219453,24,6
219471,1367,2
219480,201,4
219505,4,2
219587,22,6
219596,46,6
219602,1645,2
219639,43,2
219709,1669,2
219718,402,2
219790,194,2
219806,367,2
219824,1291,4
219833,200,2
219851,57,6
219879,701,4
219888,1248,4
219903,351,4
219949,672,2
219976,711,2
219994,139,6
220057,523,4
220075,2141,2
220118,105,4
220127,116,6
220163,55,6
220181,320,2
220206,87,2
220215,269,2
220251,65,6
220279,54,6
220321,77,6
220394,59,6
220400,675,4
220464,18,4
220473,181,2
220491,48,6
220516,166,2
220552,726,3
220598,210,2
220604,159,2
220613,553,2
220631,368,2
220640,67,6
220701,185,2
220710,317,2
220756,35,6
220765,71,6
220853,231,6
220862,2591,2
220978,3126,2
221050,150,6
221096,1576,4
221102,126,6
221148,260,4
221184,1296,4
221236,205,6
221281,47,6
221333,57,6
221351,483,2
221397,1002,4
221430,95,6
221485,1303,4
221494,75,6
221519,449,2
221582,56,6
221591,69,6
221607,75,6
221616,138,6
221625,165,6
221643,2067,4
221661,758,2
221731,168,2
221740,2381,2
221759,6694,2
221768,1118,2
221829,110,6
221838,1770,2
221847,1988,2
221892,375,2
221908,1084,4
221953,216,2
221971,329,2
221999,1622,2
222053,1728,4
222062,1443,4
222105,235,4
222178,862,2
222567,590,4
222576,1491,4
222822,720,4
222831,1442,2
222877,97,2
222886,309,6
222983,296,2
222992,4710,3
223056,39,6
223117,3,2
223232,3317,2
223320,661,4
223427,5736,4
223463,60,3
223472,23,4
223506,596,3
223816,1449,4
223852,12,6
223898,1074,4
223922,594,4
224004,232,2
224013,36,6
224110,1367,4
224147,2064,2
224156,46,6
224226,579,2
224244,89,2
224271,38,4
224323,348,2
224350,849,3
224527,376,2
224545,262,2
224554,1104,2
224615,8166,3
224642,3739,4
224660,77,3
224679,304,3
224758,11,6
224828,10,6
224891,320,4
224961,322,3
225043,7,6
225070,637,3
225201,104,2
225247,356,2
225308,1907,3
225371,503,4
225399,729,2
225414,438,2
225423,8159,3
225432,1491,2
225502,173,2
225511,5652,2
225520,408,4
225548,209,2
225575,177,2
225627,1067,2
225876,98,4
225885,151,2
225991,26,4
226019,951,4
226091,1555,2
226107,312,4
226116,472,4
226134,1596,3
226152,1382,2
226204,1519,4
226231,343,2
226277,466,4
226383,284,2
226408,813,3
226471,825,2
226578,1098,4
226587,318,2
226806,878,3
226833,806,2
226860,21,6
226879,38,3
226903,202,4
227058,18,6
227146,1085,3
227182,10694,3
227216,6926,2
227225,470,4
227298,117,6
227304,1040,3
227313,168,6
227322,270,6
227331,290,2
227368,5634,2
227377,953,4
227386,355,4
227401,540,4
227429,157,2
227526,2112,2
227687,366,4
227748,34,6
227757,1121,2
227845,659,2
227854,2385,4
227863,672,2
227881,3601,2
227924,3588,3
227979,6469,3
228042,282,2
228088,7,6
228149,530,2
228158,1234,4
228185,5,6
228200,173,6
228219,93,6
228246,1592,2
228282,17,6
228316,1062,4
228325,286,2
228343,403,2
228431,2072,2
228459,7930,2
228468,151,2
228486,73,3
228501,223,2
228529,2702,2
228547,5894,4
228608,752,4
228699,389,4
228705,1203,2
228723,13753,2
228769,5233,2
228778,9385,2
228787,4160,2
228796,3947,2
228802,1324,2
228875,2488,2
228884,246,2
228981,288,2
229018,674,2
229027,5866,2
229063,1657,2
229115,7220,2
229160,497,2
229179,1473,2
229267,659,2
229355,2936,3
229416,501,4
229425,33,6
229504,350,4
229522,36,6
229540,548,4
229656,6,6
229780,289,2
229799,666,3
229814,1266,2
229832,212,4
229841,1378,4
229887,243,2
230010,293,6
230038,6067,2
230047,335,2
230065,53,6
230144,53,6
230162,698,6
230171,2097,3
230199,47,6
230205,17,6
230214,27,6
230366,20,2
230418,3065,3
230490,570,6
230597,1624,3
230603,2281,3
230676,151,6
230728,4388,2
230737,4658,3
230746,3689,4
230764,5560,2
230782,3273,3
230807,228,2
230816,215,2
230852,546,2
230861,594,4
230889,4,2
230959,615,2
230995,521,2
231004,25,6
231059,325,2
231095,7,2
231165,562,2
231174,2896,2
231280,30,6
231411,117,4
231420,285,2
231536,747,4
231554,180,2
231581,429,2
231624,1619,2
231651,643,2
231688,15,6
231697,620,4
231712,1163,2
231785,144,3
231873,143,4
231882,388,4
232025,339,2
232043,187,2
232052,158,4
232089,239,2
232186,4450,2
232195,1363,4
232256,240,2
232265,1206,2
232308,192,2
232414,1151,4
232423,4922,2
232450,1361,4
232557,6419,2
232566,793,2
232575,913,4
232609,478,2
232672,299,2
232681,758,2
232706,410,2
232788,394,4
232797,77,3
232867,582,4
232919,183,6
232937,1503,2
232946,8330,4
232982,2717,2
233019,435,4
233037,161,4
233116,731,4
233277,1103,2
233286,27,6
233295,431,2
233301,200,2
233310,357,4
233329,23,4
233338,423,4
233374,833,2
233408,5,3
233426,531,2
233541,485,2
233602,19,2
233611,301,2
233639,378,4
233648,525,4
233666,22,6
233684,72,2
233718,138,2
233754,916,4
233772,2991,4
233897,290,2
233903,384,4
233921,7196,2
233949,1106,4
234030,4519,2
234076,3966,2
234085,447,2
234119,4,6
234137,67,2
234155,1448,2
234164,415,2
234173,369,2
234207,502,2
234377,404,4
234669,1395,3
234696,356,3
234711,368,3
234827,1568,2
234845,433,3
234915,23,2
234924,44,6
234933,1341,3
234951,543,3
234979,1248,3
235024,163,2
235088,134,6
235097,1354,2
235103,638,3
235149,1211,3
235167,364,2
235237,1062,3
235307,15,6
235316,1254,2
235334,256,3
235343,1041,3
235352,20,6
235422,135,2
235431,715,3
235501,84,6
235671,546,4
235699,446,3
235750,433,3
236018,8,6
236072,634,3
236133,152,2
236188,964,3
236212,262,4
236230,624,2
236258,245,3
236328,463,2
236382,385,3
236452,263,2
236504,443,3
236513,1128,3
236577,382,2
236595,1041,2
236610,650,4
236638,705,3
236656,801,4
236692,1125,3
236708,893,3
236744,36,6
236753,1157,3
236887,574,3
236896,319,2
236939,4249,2
236948,7011,2
236975,511,3
237011,3184,2
237039,579,3
237057,444,2
237066,553,2
237109,698,3
237127,10,6
237136,54,2
237145,8,6
237172,49,6
237181,240,2
237215,216,2
237242,18,6
237303,27,6
237312,234,2
237321,11,6
237330,443,2
237358,237,2
237367,674,2
237385,305,2
237437,22,4
237473,62,6
237491,26,6
237525,1735,2
237543,46,6
237561,30,6
237570,19,6
237686,420,3
237701,388,3
237729,43,6
237783,102,2
237792,566,2
237817,358,4
237844,75,6
237899,322,2
237932,419,2
237950,308,2
237969,307,2
237987,23,4
237996,59,3
238005,53,6
238014,241,4
238032,4377,2
238078,166,2
238096,5,6
238175,65,6
238193,150,2
238263,1809,4
238324,60,2
238333,216,2
238397,666,4
238458,618,2
238476,778,2
238616,452,2
238661,219,2
238722,674,4
238759,1193,4
238810,14,6
238980,206,2
239008,355,4
239017,336,2
239071,102,2
239080,208,2
239105,1886,2
239220,429,4
239248,2180,4
239309,200,2
239318,672,2
239372,443,4
239390,172,2
239442,166,4
239460,589,4
239488,963,4
239512,103,2
239628,195,2
239716,490,2
239877,22,6
239910,431,4
240107,252,2
240116,976,4
240125,771,4
240170,1015,4
240189,2217,2
240198,483,4
240268,2163,2
240277,1258,2
240329,2301,2
240338,251,2
240365,1751,2
240374,565,2
240392,330,2
240417,1267,2
240426,260,2
240444,7964,2
240453,3366,2
240462,1445,2
240471,1063,2
240480,1828,2
240505,636,4
240514,287,3
240596,184,4
240620,734,3
240657,302,3
240666,485,4
240693,432,3
240709,26,6
240718,478,4
240727,1463,2
240736,293,3
240745,296,3
240754,444,2
240790,320,3
240879,130,6
241146,156,6
241182,37,6
241191,89,2
241216,268,2
241225,91,2
241304,470,3
241331,152,2
241377,164,2
241386,18,2
241395,25,2
241410,754,2
241517,44,3
241614,21,2
241720,55,2
241739,774,2
241766,49,2
241836,175,3
241906,73,6
241951,85,2
242042,141,4
242112,84,3
242121,45,3
242130,54,4
242149,130,4
242556,143,4
242583,68,4
242617,636,2
242626,679,2
242635,391,2
242644,223,2
242653,357,2
242662,465,2
242680,256,2
242699,242,2
242705,728,2
242820,276,6
242945,195,6
242954,61,6
242972,5349,3
243106,481,2
243115,688,2
243133,780,2
243142,712,2
243151,566,2
243179,671,2
243188,100,3
243197,1828,2
243212,607,2
243221,1824,2
243346,976,2
243443,977,2
243568,7,2
243577,559,2
243586,100,2
243601,1421,2
243638,541,3
243647,109,4
243665,344,2
243744,1699,2
243780,9381,2
243799,32,6
243823,73,2
243832,136,3
243841,192,4
244233,38,3
244279,20,4
244437,3476,4
244446,499,4
244613,131,6
245281,11,6
245625,240,4
245652,74,2
245777,8,2
245953,207,2
245962,67,4
245980,27,6
245999,346,6
246017,162,6
246035,86,6
246071,9,6
246354,2322,4
246415,16,6
246460,42,6
246813,639,4
246895,314,6
246974,103,4
247010,15,6
247047,78,6
247065,41,3
247153,46,6
247162,9,1
247409,43,6
247603,554,4
247649,102,2
247773,25,2
247834,5718,3
247940,676,4
248192,21,6
248527,15,6
248606,273,6
248624,29,6
248633,12,6
248660,8,6
248703,150,6
248925,149,6
248934,930,3
249061,12,6
249238,6,6
249609,26,4
250027,165,4
250285,54,6
250744,116,4
250902,68,6
250993,39,6
251260,1339,4
251312,24,2
260336,6,6
260363,12,6
260372,35,3
260664,140,6
260691,78,4
260789,69,3
260813,3,2
260929,31,6
260965,27,6
260992,168,3
261436,162,6
261676,15,6
261685,18,6
261719,82,6
261773,27,6
262031,1188,4
262086,376,2
262129,221,2
262165,9,3
262341,375,6
262369,56,6
262457,85,4
262466,1,6
362700,26,6
363013,19,6
363147,58,6
363165,802,6
363633,146,4
363679,128,6
363712,24,2
363882,6,6
363907,62,2
363916,52,2
363934,171,2
364016,868,3
364025,1653,4
364548,122,6
364575,7,6
364627,59,6
364636,126,6
364760,25,6
364946,40,6
364964,7,6
365091,3,6
365125,37,6
365198,30,6
365213,186,6
365240,3,6
365374,305,6
365383,33,6
365480,166,6
365505,18,6
365693,24,6
365763,17,6
365824,57,6
365833,62,6
366003,20,2
366155,4,6
366191,377,6
366252,1124,3
366261,147,4
366270,41,4
366289,1,6
366340,36,3
366395,3435,4
366401,1835,4
366465,366,4
366535,70,4
366553,148,4
366623,18,6
366711,2625,2
367051,39,6
367088,28,6
367103,17,4
367112,7,4
367158,28,6
367361,15,4
367431,18,6
367459,1447,4
367875,1218,6
367884,10,2
367972,10,6
367981,22,6
368230,52,6
368364,218,6
368407,6,6
368452,50,2
368629,33,4
368771,8,6
368832,2,6
368911,282,4
369400,184,4
369419,464,6
369446,12,6
369455,16,4
369516,7,3
369668,97,4
369686,202,6
369783,138,6
369950,32,6
371052,56,6
371690,192,6
371830,17,6
371928,11,6
371964,57,6
372028,20,6
372073,47,3
372082,40,6
372240,2,6
372329,244,4
372356,129,6
372462,16,6
372921,66,4
373085,29,4
373216,79,6
373456,16,6
373526,223,6
373678,63,6
373696,62,6
373711,28,6
373784,146,6
374316,11,6
374343,34,6
374574,180,6
374592,60,6
375230,41,2
375373,36,6
375407,38,6
375416,49,4
375568,57,6
375656,16,6
375683,128,6
375726,172,6
375939,21,4
375966,4,6
375984,164,6
376224,51,3
376242,53,6
376288,47,6
376330,28,6
376385,93,3
376446,2,6
376631,12,6
376677,2,6
376695,294,3
377111,37,4
377193,3,6
377218,15,4
377272,15,6
377281,75,6
377315,24,6
377449,25,6
377458,51,4
377485,17,6
377546,55,2
377555,1186,2
377564,666,2
377643,9,6
377652,26,4
377661,47,3
377722,16,6
377759,16,6
378105,104,4
378576,90,2
378886,115,6
378956,111,6
379621,8,6
379746,160,4
379782,1,4
380067,100,6
380359,107,3
380368,94,3
380377,119,3
380438,13,2
381255,19,6
381282,20,6
381325,16,6
381370,167,6
381404,195,6
381486,4,6
381699,28,6
381732,15,6
382258,99,6
382416,11,6
382461,10,6
382780,41,6
382911,18,4
382957,60,4
383084,446,6
383163,26,6
383190,401,4
383279,20,6
383297,19,6
383312,68,6
383330,20,6
383367,82,6
383464,56,6
383525,31,6
383765,98,6
383996,86,4
384236,181,6
384245,183,6
384254,126,2
384333,1577,4
384342,721,4
384412,162,2
384421,31,2
385132,23,6
385503,22,4
385619,388,2
386153,261,4
386472,78,3
387925,52,6
388520,35,2
389860,175,6
390905,154,6
391005,16,6
391759,8,6
392257,718,3
392354,3,6
392415,87,4
393649,249,4
393861,129,6
395362,204,4
395690,150,6
397942,134,6
399212,1860,4
399869,93,3
399911,126,2
400080,948,6
400187,51,6
401223,7,2
401764,26,6
402563,19,6
402800,17,6
403469,119,4
403478,153,4
403487,228,4
404055,30,3
404338,8,2
404426,553,4
404684,194,6
404718,221,6
404912,156,4
405012,57,6
405058,46,3
405076,123,4
405854,40,2
405872,541,4
406024,230,3
406033,639,3
406149,22,6
406325,48,6
406361,18,6
406422,40,6
406486,15,6
407090,25,6
407142,11,6
407151,24,6
407179,58,6
407355,31,6
407434,44,6
407461,38,6
407470,85,6
407489,64,6
407513,60,6
407522,64,6
407568,29,6
407577,65,6
407610,3,3
407683,66,6
407708,78,6
407735,41,6
407832,81,6
408066,35,6
408163,11,6
408385,167,4
408844,331,2
408862,64,6
409032,50,6
409120,29,6
409193,19,6
409315,4129,3
409537,10,6
409591,55,6
409698,943,2
410797,23,6
410964,9,6
411684,20,6
412173,9,4
412535,8,6
412544,11,6
412599,165,4
413176,18,6
413413,221,2
413617,26,3
413626,163,4
413680,93,4
413820,21,6
413893,184,6
414063,25,6
414124,104,6
414461,932,4
414489,58,6
414540,158,6
414595,154,2
414869,70,6
414878,10,2
414911,209,4
414939,101,4
415039,37,6
415057,14,6
415987,77,6
416458,48,4
417008,9,6
417062,10,6
417105,230,6
417123,14,6
417248,17,6
417275,14,6
417327,17,4
417442,8,6
417503,22,6
417600,10,6
417628,5,6
417637,19,6
417646,7,6
417655,8,6
417682,14,6
417716,8,6
417725,12,6
417734,18,3
417752,7,2
417831,31,6
417840,36,6
417868,24,6
417886,4,6
417910,86,6
417983,16,6
417992,11,6
418001,13,6
418010,33,6
418029,11,6
418038,23,6
418065,101,6
418083,3,6
418126,3,2
418171,4,6
418199,28,6
418205,128,6
418223,57,6
418250,169,6
418269,27,6
418278,88,6
418296,841,6
418302,63,6
418320,115,6
418348,52,6
418357,195,6
418409,230,6
418427,23,6
418445,10,6
418454,55,6
418481,15,6
418515,59,6
418524,28,6
418533,49,4
418542,31,6
418560,25,6
418588,13,6
418658,164,6
418773,191,6
418782,149,6
418889,4,4
418913,6,6
418968,32,6
419031,23,6
419095,20,6
419183,34,6
419217,1,6
419226,156,6
419235,42,6
419244,52,4
419253,12,6
419280,14,6
419341,15,4
419420,16,6
419484,7,6
419633,31,6
419703,304,6
419712,126,6
419721,174,6
420024,27,3
420130,18,6
420255,45,6
420325,33,2
420343,419,6
420370,79,4
420398,3767,4
420431,357,4
420440,375,4
420468,130,6
420538,280,4
420556,120,4
420723,67,4
420981,208,6
421513,20,4
421610,22,6
421665,7,6
421708,37,2
421717,7,6
421771,3,6
421841,85,4
421878,36,3
421896,79,6
422020,59,4
422695,5,3
422835,156,4
423120,130,4
423397,223,6
423412,14,6
423652,72,4
425250,21,4
425986,34,6
426314,678,2
427308,22,6
427335,32,6
427973,42,6
427991,380,6
428000,7,6
428019,42,6
428055,54,6
428125,10,6
428170,114,3
428392,334,4
429128,109,4
430184,43,2
430227,24,6
430245,146,4
430306,11,6
430403,19,6
430564,38,6
430582,275,6
430670,9,2
430795,140,6
430883,5,6
430908,18,6
430935,137,4
430971,15,6
431017,55,6
431071,19,6
431105,63,6
431123,145,6
431141,214,4
431187,118,6
431196,8,6
431266,38,6
431275,22,6
431284,20,6
431558,222,6
431600,30,6
431716,343,6
432117,16,6
432269,11,6
432384,76,3
432524,44,4
433004,1,2
433013,18,3
433040,9,6
433068,151,6
433101,205,6
433138,41,6
433174,22,3
433387,2027,2
433420,49,2
433536,27,2
433660,2771,2
434016,42,4
434061,1147,4
434140,98,4
434159,166,4
434274,68,6
434283,1,6
434308,112,6
434344,42,6
434362,33,6
434432,1,4
434469,125,4
434496,90,6
434584,39,3
434672,2962,4
434751,24,4
434821,154,4
434830,103,6
434900,43,3
434937,9,2
436030,138,6
436304,579,4
436429,1264,2
436553,32,6
436599,55,4
436614,11,2
436632,61,6
436650,28,6
436818,243,2
436827,174,2
436836,622,2
437097,2,2
437103,2188,4
437237,12,6
437556,327,6
437608,31,6
437635,116,4
437723,17,6
437750,31,4
437769,31,4
437778,325,6
437857,19,6
437936,106,4
438179,34,4
438221,25,4
438258,65,4
438285,90,6
438337,204,6
438504,289,4
438586,19,2
438674,8,6
438708,41,4
438735,24,4
438984,73,6
439118,69,4
439190,243,3
439367,51,3
439455,40,6
439473,61,6
439491,69,6
439570,42,4
439622,55,6
439668,205,6
439701,22,2
439738,71,4
439747,70,6
439774,70,6
439792,24,4
439844,34,6
439862,7,2
439871,7,3
439899,29,4
439932,15,6
439969,24,3
440059,166,4
440101,67,6
440262,66,4
440271,50,4
440396,81,2
440402,302,4
440651,149,3
440730,123,6
440776,11,4
440794,114,2
440828,211,2
440855,182,6
440989,70,6
441025,17,4
441052,81,4
441070,24,4
441168,12,6
441210,25,6
441229,232,3
441256,27,6
441371,1674,4
441380,40,6
441414,54,6
441423,110,4
441487,22,4
441496,36,6
441502,118,6
441575,77,6
441609,9,2
441618,21,6
441636,135,3
441645,28,6
441663,84,6
441672,48,6
441690,14,2
441706,114,6
441742,257,4
441760,714,4
441788,89,6
441830,8,6
441858,73,4
441876,20,6
441900,519,2
441937,568,2
441982,98,2
442073,220,6
442134,71,4
442240,34,6
442329,256,6
442356,94,3
442383,23,4
442426,22,3
442435,14,4
442444,162,4
442523,12,4
442569,503,2
442602,37,4
442611,432,4
442639,68,2
442657,260,6
442781,197,4
442842,1,3
442879,222,4
442888,11,6
442976,16,6
442985,125,6
443021,21,6
443049,14,2
443058,3,2
443100,46,6
443137,198,6
443146,1,6
443207,37,6
443216,56,6
443225,18,6
443234,97,6
443252,6623,6
443261,72,4
443289,49,6
443298,9,6
443322,72,6
443331,5,2
443340,4,2
443377,28,4
443410,192,2
443492,306,4
443562,44,2
443571,92,3
443599,67,3
443632,11,6
443641,21,6
443650,907,3
443669,161,6
443696,12,4
443766,210,2
443784,80,2
443951,13,6
443979,45,6
444051,33,6
444088,17,2
444194,2,6
444219,1915,4
444228,13,6
444264,17,6
444282,40,6
444291,63,6
444307,36,6
444325,10,3
444361,34,4
444370,13,6
444398,11,2
444404,8,6
444413,79,2
444440,21,6
444468,21,6
444486,30,6
444510,30,6
444529,22,6
444556,103,4
444565,4,4
444583,249,6
444635,22,6
444662,1,6
444671,42,6
444714,39,4
444732,15,6
444778,2,2
444787,87,2
444811,89,4
444857,24,6
444866,90,4
444936,24,6
444945,194,6
444954,367,4
445027,166,2
445133,11,2
445188,2419,2
445203,60,4
445212,17,6
445230,132,4
445249,78,4
445267,218,2
445364,151,4
445498,6,6
445540,19,6
445647,47,6
445656,83,6
445692,177,2
445708,432,3
445744,42,4
445762,28,6
445780,29,6
445799,315,4
445841,9,6
445850,5,6
445911,240,6
445948,505,4
445957,147,6
446048,318,2
446084,20,6
446093,13,6
446109,22,4
446118,51,4
446127,101,3
446163,204,4
446206,35,6
446233,33,2
446242,10,6
446251,58,6
446260,240,6
446288,4,6
446303,40,6
446349,8,6
446385,70,2
446516,2,6
446525,286,3
446552,512,4
446561,294,3
446598,3,4
446604,611,2
446640,145,2
446774,363,4
447014,42,3
447023,610,6
447148,90,6
447166,19,6
447175,41,6
447263,178,3
447351,158,4
447421,3,2
447449,34,6
447467,80,6
447582,220,4
447591,131,4
447607,198,6
447616,159,6
447689,2713,2
447704,31,6
447713,29,3
447722,27,6
447731,20,6
447759,3,4
447768,347,4
447777,415,4
447795,16,6
447810,2,6
447847,47,3
447865,7,6
447883,115,6
447892,31,6
447908,5,6
447917,14,6
447935,105,4
447953,44,2
447962,61,6
447980,6,6
447999,58,4
448026,33,6
448071,1,6
448123,166,6
448196,26,4
448220,34,6
448248,925,6
448257,25,6
448275,14,6
448372,5,4
448424,32,6
448433,303,4
448594,697,4
448600,19,4
448646,59,6
448673,52,4
448770,25,6
448798,42,6
448859,26,4
448895,510,6
449038,79,2
449074,72,4
449083,82,4
449092,175,4
449135,49,3
449250,175,4
449311,16,6
449320,241,6
449339,1880,2
449348,10,2
449357,6,6
449384,20,2
449393,17,6
449445,29,4
449454,5,6
449463,129,6
449472,44,6
449490,60,6
449506,71,4
449524,19,4
449533,1,6
449597,1,6
449603,101,6
449612,21,4
449658,33,2
449676,94,6
449685,145,6
449700,260,6
449728,53,4
449764,31,3
449773,110,6
449782,22,6
449807,57,6
449816,117,6
449861,38,4
449870,4,2
449898,14,2
449904,184,6
449959,15,6
449968,3,6
449977,6,6
449986,58,6
449995,4,6
450058,51,4
450067,57,4
450128,134,4
450298,18,2
450377,111,2
450395,22,6
450401,126,4
450571,5,3
450599,34,6
450605,24,6
450614,51,6
450632,34,6
450641,41,6
450650,133,6
450696,94,4
450711,75,6
450720,202,6
450933,310,2
450951,48,6
450960,158,4
450988,22,6
451042,11,6
451051,40,6
451097,22,6
451103,202,2
451121,6,6
451149,74,6
451158,94,6
451167,1,6
451194,5,6
451228,392,4
451237,89,6
451255,11,6
451282,50,6
451291,5,6
451307,13,6
451316,17,6
451334,104,6
451343,28,6
451352,132,4
451370,5,2
451398,62,2
451404,198,2
451413,23,6
451468,99,6
451477,240,4
451495,26,6
451501,147,6
451529,35,6
451547,12,6
451556,590,3
451565,24,6
451574,50,6
451583,234,6
451626,17,6
451714,45,6
451750,120,3
451857,40,4
451866,122,3
451918,22,6
451927,98,2
452009,10,6
452072,20,6
452081,323,4
452106,26,6
452124,40,4
452373,20,3
452771,10,6
452780,14,6
452887,17,6
452948,133,3
453163,142,2
453215,32,2
453297,9,6
453756,14,6
453792,46,4
454227,48,2
454236,3,2
454245,5,2
454537,56,6
454546,215,6
454555,223,6
454582,1,2
454607,63,6
454652,13,6
454698,66,6
454722,4,6
454759,9,6
454768,7,6
454777,17,6
454786,219,3
454795,64,6
454810,1132,4
454829,17,2
454865,84,3
454874,25,6
454917,192,6
454926,46,6
454935,62,6
454944,23,6
454953,21,6
454962,26,6
454971,60,6
454980,46,6
454999,45,6
455008,48,6
455026,48,6
455062,4,6
455071,72,6
455080,22,6
455105,1,6
455114,1558,4
455141,28,6
455187,146,6
455196,259,4
455202,46,6
455211,92,6
455220,34,6
455257,86,2
455275,47,6
455284,39,6
455327,15,6
455336,49,4
455354,2,6
455381,77,6
455460,48,6
455479,46,4
455488,66,6
455512,579,4
455628,51,4
455664,36,2
455725,439,6
455734,78,6
455761,156,6
455770,28,2
455798,33,6
455831,179,6
455859,59,6
455868,32,4
455877,5,6
455886,65,6
455895,79,6
455901,36,6
455910,35,6
455929,10,6
455965,26,6
455974,89,6
455983,55,4
456001,73,6
456029,27,6
456038,85,4
456065,16,6
456074,28,6
456135,49,6
456153,31,4
456205,57,4
456214,112,4
456287,46,6
456454,30,4
456490,12,2
456506,66,4
456515,21,6
456542,33,1
456551,41,6
456579,76,4
456588,8,6
456597,37,6
456621,26,2
456825,41,6
456852,107,4
456922,119,6
456931,64,6
456959,163,2
456968,64,6
456977,120,4
457031,13,6
457077,452,6
457086,3,3
457101,38,4
457110,26,4
457129,10,2
457192,50,6
457208,12,6
457226,20,3
457253,15,6
457299,19,3
457314,29,6
457323,73,6
457332,17,6
457341,29,6
457378,53,6
457387,120,6
457396,56,6
457402,111,2
457411,52,6
457420,38,6
457439,43,6
457448,9,6
457466,8,6
457475,23,6
457484,31,2
457493,11,6
457536,77,4
457545,9,6
457563,64,6
457572,9,6
457581,43,6
457606,83,6
457615,6,6
457624,9,6
457633,80,6
457642,9,6
457679,5,6
457697,24,2
457749,41,6
457767,78,6
457776,2,6
457785,65,6
457794,151,6
457800,21,6
457819,331,6
457837,44,6
457855,35,6
457873,3,6
457916,58,6
457943,30,6
457952,40,6
457989,29,6
458007,58,6
458034,3,4
458043,21,6
458061,21,6
458070,45,6
458098,52,6
458104,2,6
458113,9,2
458122,11,6
458131,4,6
458140,7,4
458168,16,6
458210,5,2
458229,9,2
458274,14,6
458405,52,4
458423,7,6
458441,48,4
458681,33,4
458803,84,6
458812,37,6
458821,31,6
458830,77,6
458858,99,6
458867,86,6
458885,37,2
458919,249,2
458955,23,2
458964,85,2
458973,155,2
459019,41,6
459046,30,6
459055,28,6
459064,43,6
459116,13,6
459170,94,6
459198,35,6
459204,334,3
459213,128,3
459231,35,6
459259,10,2
459268,12,2
459277,109,6
459286,36,6
459295,40,6
459301,18,6
459329,180,6
459347,21,6
459374,75,6
459392,29,6
459408,27,6
459426,92,6
459499,7,6
459514,18,4
459523,25,6
459532,47,6
459541,3,6
459550,49,6
459578,14,6
459727,31,2
459842,39,2
459851,47,3
459949,1025,2
459958,54,4
459967,172,4
459985,106,4
459994,592,2
460011,11,6
460020,52,4
460093,18,6
460109,53,6
460118,35,6
460127,49,6
460136,227,4
460145,15,6
460172,131,6
460181,158,4
460190,70,4
460206,77,4
460349,155,2
460394,1756,4
460464,1641,4
460482,68,6
460534,377,6
460543,387,4
460677,69,4
460701,73,6
460756,105,4
460765,45,6
460808,10,6
460817,60,4
460826,112,4
460835,9,4
460862,11,6
460871,1,2
460914,42,6
460932,72,6
460969,97,6
460978,160,6
460987,86,6
460996,28,6
461014,317,4
461023,22,3
461032,6,2
461087,1169,6
461111,24,6
461148,232,2
461175,18,6
461193,53,6
461218,105,4
461245,68,6
461254,53,4
461263,6,3
461272,13,6
461306,11,6
461315,30,4
461333,12,6
461342,52,6
461379,2,6
461388,21,6
461412,54,6
461421,9,6
461430,113,6
461494,34,6
461500,3,6
461528,18,2
461537,14,6
461555,32,6
461573,74,4
461582,13,6
461607,19,6
461625,13,6
461652,26,6
461689,58,4
461704,74,6
461713,9,6
461722,55,6
461740,7,6
461759,169,2
461768,97,6
461786,27,6
461795,192,2
461810,8,6
461829,73,6
461838,45,6
461847,5,2
461856,51,6
461865,45,4
461874,63,6
461883,45,2
461892,27,6
461908,28,6
461917,58,6
461926,100,6
461944,16,6
461953,3,4
461962,232,6
461999,65,6
462008,31,6
462017,25,6
462035,281,6
462053,39,6
462062,17,6
462071,36,6
462336,8,6
462354,75,2
463056,545,2
464226,211,2
466921,5,2
466930,33,2
467094,20,6
467863,2,6
467872,12,6
467906,9,6
468246,7,6
468255,8,6
468769,47,6
468848,115,6
468893,37,6
468909,157,6
468963,392,6
469416,41,3
469610,7,6
469629,41,4
469911,66,6
470038,265,6
470047,4,4
470296,13,6
470393,31,6
474863,21,2
474915,215,6
474924,46,6
475015,46,6
475024,77,6
475060,61,4
475121,906,2
475176,108,4
475200,3,2
475282,3,6
475325,192,6
475398,22,2
475404,57,6
475431,8,6
475468,2,6
475486,37,6
475547,20,6
475556,17,6
475565,515,4
475574,8,6
475608,18,2
475635,1,3
475653,20,6
475662,19,6
475705,9,6
475714,60,3
475723,95,6
475732,17,2
475741,3,2
475839,22,3
476063,73,6
476179,93,6
476230,8,6
476355,1,6
476489,24,6
476498,84,6
476540,1,6
476559,1,6
476568,15,6
476595,28,6
476601,27,2
476610,1,6
476629,14,6
476683,30,4
476692,16,2
476708,11,6
476717,174,2
476726,217,4
476735,28,6
476753,50,6
476780,27,6
476799,18,6
476805,6,6
476814,136,6
476841,25,6
476850,65,6
476869,18,6
476878,128,6
476887,410,6
476896,33,6
476902,20,6
476939,326,4
476975,299,2
476984,15,6
476993,88,6
477002,15,6
477039,9,2
477233,44,4
478582,51,6
478591,100,6
478616,53,6
478917,15,6
478953,58,6
479062,37,6
479424,42,6
479956,335,2
479974,14,6
479983,24,6
479992,4,6
480000,22,6
480019,535,6
480028,14,4
480037,774,4
480073,17,2
480091,744,3
480125,208,6
480161,1,6
480198,7,2
480204,81,3
480310,28,6
480471,146,6
480523,51,6
480532,20,6
480550,36,6
480569,32,2
480657,7,3
480727,35,6
480781,19,2
480824,169,4
480833,200,4
480842,18,6
480851,11,4
480879,5,6
480888,79,6
480903,194,6
480921,7,6
480967,78,4
480976,5,6
480985,4,2
480994,15,6
481003,159,6
481021,27,6
481058,6,2
481067,12,6
481100,98,6
481128,16,6
481137,35,6
481146,28,6
481155,30,4
481191,84,6
481207,40,6
481225,6,2
481243,5,6
481252,9,4
481298,15,6
481313,60,6
481331,6,6
481340,22,6
481368,15,6
481386,174,4
481401,12,2
481410,19,2
481429,70,6
481438,20,2
481447,32,6
481456,6,6
481465,12,6
481474,25,6
481483,67,6
481517,14,6
481526,75,6
481571,9,6
481678,45,6
481720,1,2
481739,37,6
481748,62,6
481775,72,4
481845,40,6
481863,29,6
481890,36,6
481906,18,6
481960,37,6
482015,267,4
482060,270,6
482097,106,6
482149,1224,2
482158,1313,2
482167,56,6
482176,33,6
482185,61,6
482194,40,6
482200,14,6
482228,17,2
482246,33,6
482255,49,6
482291,237,6
482413,4,2
482431,143,2
482459,1,2
482468,12,2
482477,2259,3
482556,2,2
482574,8,2
482653,1,2
482680,3914,2
482699,522,3
482936,403,2
482963,71,6
482981,38,6
482990,38,6
483009,94,6
483018,39,2
483036,24,2
483045,1479,4
483054,13,6
483106,34,6
483124,3039,2
483212,621,4
483230,46,6
483258,5,6
483276,45,6
483328,18,6
483337,10,6
483346,5,6
483355,25,6
483364,15,6
483373,12,3
483382,135,6
483425,11,6
483470,42,6
483504,110,4
483513,17,6
483559,22,6
483577,10,6
483595,1103,2
483647,21,4
483708,252,6
483726,4,6
483735,56,6
483744,16,6
483753,25,6
483780,20,2
483799,20,6
483814,47,4
483823,233,6
483841,14,6
483850,4,6
483869,597,6
483878,44,6
483887,9,6
483896,14,6
483911,7,6
483920,33,6
483948,10,6
483957,15,6
484002,444,4
484011,20,6
484020,31,6
484048,6,6
484057,49,6
484066,120,4
484075,36,6
484084,27,6
484093,12,6
484109,3,6
484127,19,6
484136,22,6
484163,110,6
484172,34,6
484190,9,6
484206,131,6
484233,83,6
484330,13,6
484349,29,6
484358,30,6
484367,120,4
484376,140,4
484394,49,6
484473,826,2
484604,209,6
484613,2665,2
484844,197,2
484871,32,2
484899,63,6
484905,469,2
484923,6,6
484932,487,4
484950,13,6
484996,75,6
485014,39,6
485032,33,6
485111,809,3
485166,34,6
485236,18,6
485272,6,2
485342,59,6
485360,1,6
485379,121,6
485388,134,6
485397,89,6
485412,17,6
485458,460,4
485476,21,6
485485,97,6
485494,70,6
485500,31,4
485519,55,3
485546,140,2
485564,16,4
485573,62,6
485591,12,6
485607,13,6
485698,36,2
485704,7,6
485768,97,2
485801,34,6
485856,1,6
485874,24,6
485926,45,6
485953,79,4
485962,8,6
485999,31,2
486017,4,2
486026,39,2
486053,8,2
486123,7,4
486150,32,6
486169,53,6
486196,84,3
486202,3,6
486239,11,2
486248,201,6
486257,66,3
486284,28,2
486345,99,6
486354,42,2
486372,24,4
486381,27,6
486390,36,6
486406,9,6
486415,11,4
486424,34,4
486442,72,6
486488,2,2
486497,6,6
486503,21,6
486512,186,6
486530,8,6
486558,44,6
486567,49,6
486576,103,6
486619,42,6
486691,54,6
486707,55,6
486716,41,6
486752,29,6
486770,31,6
486798,496,6
486813,60,4
486822,152,4
486840,8234,2
486859,6,6
486877,5,6
486886,24,6
486901,238,2
486938,4,2
486947,8,2
486956,7,2
486983,16,6
487047,55,6
487065,30,6
487083,5,6
487092,521,4
487162,671,4
487232,39,6
487302,57,4
487311,106,4
487320,2654,4
487348,16,6
487375,30,2
487481,189,6
487506,60,6
487524,586,2
487533,31,6
487588,103,4
487597,341,4
487603,79,2
487621,1,6
487658,48,4
487676,12,6
487746,3,2
487773,5,6
487791,198,6
487807,4,6
487816,1,6
487852,19,6
487861,59,3
487889,138,6
487904,12,6
487922,15,6
487959,61,6
487977,301,4
488013,207,6
488022,2,6
488031,6,2
488059,12,4
488077,1678,4
488110,28,6
488129,21,6
488138,37,6
488147,64,6
488174,9,6
488183,2,6
488192,47,6
488217,26,6
488226,20,6
488253,17,6
488262,4,6
488271,56,6
488280,32,6
488299,18,6
488305,15,3
488314,18,2
488350,44,3
488369,9,6
488378,74,6
488396,15,6
488411,32,6
488420,14,6
488439,82,6
488448,9,2
488563,3,4
488590,10,6
488651,30,6
488679,1004,2
488721,26,2
488730,1692,4
488749,37,6
488776,20,2
488785,41,2
488837,263,6
488846,2409,2
488891,98,6
488916,54,6
488934,372,6
488952,26,6
488961,33,6
488970,14,6
488989,48,6
488998,22,6
489122,8,6
489131,10,6
489140,10,6
489159,20,6
489201,1206,4
489238,50,6
489247,7,6
489256,187,6
489283,177,4
489344,2,2
489353,2,2
489371,55,6
489779,874,2
489830,11,6
489937,119,2
490018,3,6
490045,4,2
490054,161,3
490081,32,2
490090,16,6
490115,14,4
490133,341,2
490142,1,6
490151,18,6
490160,80,4
490197,1,4
490203,9,3
490221,7,6
490230,38,2
490249,28,6
490258,61,6
490267,13,6
490276,40,3
490285,10,3
490294,40,6
490300,19,6
490319,6,2
490346,25,4
490382,11,6
490391,32,6
490407,20,6
490416,5,6
490425,102,6
490434,8,6
490443,6,6
490470,4,6
490489,20,6
490498,11,4
490504,25,3
490513,16,3
490522,10,6
490531,1,6
490674,1,6
490692,6,6
490717,36,6
490735,101,6
490744,17,6
490805,1192,2
490814,50,6
490832,84,4
490841,148,4
490869,38,6
490878,74,3
490896,142,6
490948,4,6
490975,15,4
491057,13,2
491066,51,6
491075,56,6
491084,75,6
491136,43,6
491145,67,6
491181,92,4
491215,38,6
491224,38,6
491233,3,6
491242,31,6
491251,22,6
491260,26,6
491288,10,2
491394,46,6
491446,112,4
491464,108,6
491473,251,6
491507,14,6
491525,84,3
491534,17,6
491543,12,6
491552,31,6
491570,16,6
491589,3,6
491598,7,6
491613,19,2
491622,21,3
491631,47,2
491640,39,3
491659,81,4
491668,45,6
491677,39,6
491686,3,6
491695,4,6
491701,30,6
491710,12,2
491729,5,6
491738,21,6
491747,23,6
491756,135,6
491765,29,2
491774,39,6
491783,91,6
491792,21,6
491817,108,4
491826,28,6
491835,46,6
491844,82,4
491853,11,6
491871,4,6
491880,37,6
491899,13,6
491905,36,6
491914,22,3
491923,159,6
491932,8,6
491941,23,4
491950,85,4
491978,8,6
491996,18,6
492005,49,6
492023,10,6
492069,31,2
492096,2,6
492139,46,6
492148,9,6
492281,14,6
492306,170,6
492315,152,6
492324,49,6
492360,3,6
492421,1,6
492449,119,4
492476,74,3
492607,1,2
492643,22,6
492652,14,6
492661,51,6
492722,131,4
492731,1,6
492759,9,2
492801,68,2
492935,494,6
492953,23,6
492962,516,2
493071,113,6
493080,119,4
493132,394,6
493150,27,6
493451,33,4
493479,6,6
493488,4,4
493512,7,3
493521,38,4
493530,9,6
493549,21,6
493558,20,6
493567,62,6
493576,3,6
493585,23,6
493594,17,3
493600,50,2
493619,5,4
493628,15,6
493637,1,6
493646,160,4
493655,10,6
493664,3,3
493682,69,6
493691,4,6
493707,21,3
493716,19,3
493743,65,6
493752,2,6
493761,19,6
493770,8,6
493798,102,4
493804,55,6
493813,26,6
493822,20,2
493831,4,6
493868,6,6
493910,27,6
493974,4,2
493992,56,4
494001,24,6
494029,6,6
494162,25,2
494232,56,6
494250,47,4
494278,58,3
494287,55,3
494357,229,6
494436,18,4
494463,201,6
494472,7,6
494524,22,6
494542,13,3
494588,59,4
494597,13,3
494603,129,2
494621,58,1
494630,8,2
494649,17,6
494658,6,6
494685,64,2
494694,6,4
494700,4,6
494719,22,6
494728,8,6
494737,53,2
494746,145,3
494755,8,4
494764,48,6
494807,27,2
494843,100,4
494852,211,4
494898,5,4
494904,232,6
494959,15,4
494986,3,4
494995,28,6
495013,78,6
495031,12,3
495040,30,6
495059,23,2
495077,19,6
495101,26,6
495110,14,6
495129,35,6
495138,17,6
495147,65,4
495174,2,6
495183,51,4
495208,17,6
495217,21,6
495235,7,6
495244,84,6
495253,9,6
495262,25,6
495271,13,4
495280,4,3
495299,30,6
495305,57,6
495341,6,6
495350,1,6
495369,28,6
495378,58,6
495387,14,6
495411,20,6
495420,10,2
495448,15,2
495457,33,2
495518,38,6
495730,18,6
495776,10,6
495794,20,6
495837,44,6
495934,22,6
495952,46,4
495961,29,4
495970,90,6
495998,28,6
496052,9,6
496061,35,6
496186,560,3
496265,15,4
496283,12,3
496326,17,2
496371,5,6
496399,17,3
496423,8,6
496478,34,6
496520,8,6
496539,24,6
496575,55,6
496618,103,6
496627,7,2
496636,29,3
496645,76,6
496654,45,4
496663,18,6
496672,6,6
496690,8,6
496706,14,3
496715,22,6
496733,32,6
496751,63,6
496803,19,2
496894,2,6
496919,130,6
496955,128,6
496964,8,6
496973,27,3
496991,75,3
497000,24,3
497037,131,2
497046,707,4
497073,187,6
497107,36,1
497116,182,3
497125,92,3
497161,70,6
497189,22,6
497198,75,6
497204,36,6
497213,9,2
497222,12,6
497268,28,2
497277,64,4
497286,279,4
497301,154,6
497310,37,6
497329,60,6
497338,104,4
497356,33,6
497365,5,6
497374,130,6
497383,7,6
497392,39,6
497408,29,2
497417,20,6
497426,52,6
497435,8,6
497444,1,6
497471,6,6
497480,82,2
497499,8,6
497675,6,6
497684,20,6
497736,41,6
497745,42,6
497824,5,2
497833,117,3
497888,40,6
497897,24,6
497903,6,6
497912,27,6
497949,168,6
497958,107,6
498003,79,6
498012,13,6
498030,155,4
498049,41,2
498076,98,3
498085,185,3
498094,29,4
498100,108,4
498119,26,3
498298,23,6
498322,24,6
498331,13,6
498340,69,4
498359,22,6
498368,8,6
498377,5,6
498386,82,6
498401,6,6
498410,41,6
498447,19,2
498456,1,2
498474,91,3
498483,78,4
498553,46,6
498562,2441,2
498571,1617,2
498669,14,6
498739,9,6
498748,2,6
498757,77,6
498766,21,6
498775,8,6
498784,5,6
498793,12,6
498809,52,2
498818,25,6
498827,10,6
498845,16,6
498854,12,6
498863,18,6
498872,14,6
498881,13,6
498890,26,6
498906,24,2
498924,22,2
498951,9,6
499033,11,6
499079,15,6
499130,86,6
499149,21,3
499176,107,4
499185,9,6
499255,31,6
499273,91,3
499282,41,4
499291,26,4
499307,17,4
499325,17,6
499334,6,6
499361,20,6
499370,13,2
499389,32,2
499398,16,2
499404,7,2
499413,75,4
499495,212,3
499538,2,6
499547,87,6
499556,2,6
499608,2,6
499680,49,4
499705,172,6
499723,3,6
