domain,institution_key,unitid,academic_year,source_url,verification_status,last_verified_at,display_name,state_code,city,website_url,control,active_as_of_academic_year
institutions,ipeds-217156,217156,2023-24,https://nces.ed.gov/ipeds/datacenter/data/HD2023.zip,verified,2026-10-02,Brown University,RI,Providence,www.brown.edu/,private_nonprofit,True
institutions,ipeds-217165,217165,2023-24,https://nces.ed.gov/ipeds/datacenter/data/HD2023.zip,verified,2026-10-02,Bryant University,RI,Smithfield,https://www.bryant.edu/,private_nonprofit,True
institutions,ipeds-217235,217235,2023-24,https://nces.ed.gov/ipeds/datacenter/data/HD2023.zip,verified,2026-10-02,Johnson & Wales University-Providence,RI,Providence,https://www.jwu.edu/campuses/providence/,private_nonprofit,True
institutions,ipeds-217305,217305,2023-24,https://nces.ed.gov/ipeds/datacenter/data/HD2023.zip,verified,2026-10-02,New England Institute of Technology,RI,East Greenwich,https://www.neit.edu/,private_nonprofit,True
institutions,ipeds-217323,217323,2023-24,https://nces.ed.gov/ipeds/datacenter/data/HD2023.zip,verified,2026-10-02,New England Tractor Trailer Training School of Rhode Island,RI,Pawtucket,nettts.com/,private_for_profit,True
institutions,ipeds-217402,217402,2023-24,https://nces.ed.gov/ipeds/datacenter/data/HD2023.zip,verified,2026-10-02,Providence College,RI,Providence,www.providence.edu/,private_nonprofit,True
institutions,ipeds-217420,217420,2023-24,https://nces.ed.gov/ipeds/datacenter/data/HD2023.zip,verified,2026-10-02,Rhode Island College,RI,Providence,www.ric.edu/,public,True
institutions,ipeds-217475,217475,2023-24,https://nces.ed.gov/ipeds/datacenter/data/HD2023.zip,verified,2026-10-02,Community College of Rhode Island,RI,Warwick,www.ccri.edu/,public,True
institutions,ipeds-217484,217484,2023-24,https://nces.ed.gov/ipeds/datacenter/data/HD2023.zip,verified,2026-10-02,University of Rhode Island,RI,Kingston,https://web.uri.edu/,public,True
institutions,ipeds-217493,217493,2023-24,https://nces.ed.gov/ipeds/datacenter/data/HD2023.zip,verified,2026-10-02,Rhode Island School of Design,RI,Providence,www.risd.edu/,private_nonprofit,True
institutions,ipeds-217518,217518,2023-24,https://nces.ed.gov/ipeds/datacenter/data/HD2023.zip,verified,2026-10-02,Roger Williams University,RI,Bristol,https://www.rwu.edu/,private_nonprofit,True
institutions,ipeds-217536,217536,2023-24,https://nces.ed.gov/ipeds/datacenter/data/HD2023.zip,verified,2026-10-02,Salve Regina University,RI,Newport,www.salve.edu/,private_nonprofit,True
institutions,ipeds-217581,217581,2023-24,https://nces.ed.gov/ipeds/datacenter/data/HD2023.zip,verified,2026-10-02,Empire Beauty School-Warwick,RI,Providence,www.empire.edu/,private_for_profit,True
institutions,ipeds-409616,409616,2023-24,https://nces.ed.gov/ipeds/datacenter/data/HD2023.zip,verified,2026-10-02,Roger Williams University School of Law,RI,Bristol,law.rwu.edu/,private_nonprofit,True
institutions,ipeds-433101,433101,2023-24,https://nces.ed.gov/ipeds/datacenter/data/HD2023.zip,verified,2026-10-02,Lincoln Technical Institute-Lincoln,RI,Lincoln,www.lincolntech.edu/campus/lincoln-ri,private_for_profit,True
institutions,ipeds-437237,437237,2023-24,https://nces.ed.gov/ipeds/datacenter/data/HD2023.zip,verified,2026-10-02,IYRS School of Technology & Trades,RI,Newport,www.iyrs.edu/,private_nonprofit,True
institutions,ipeds-443641,443641,2023-24,https://nces.ed.gov/ipeds/datacenter/data/HD2023.zip,verified,2026-10-02,Paul Mitchell the School-Rhode Island,RI,Cranston,paulmitchell.edu/rhodeisland,private_for_profit,True
institutions,ipeds-455965,455965,2023-24,https://nces.ed.gov/ipeds/datacenter/data/HD2023.zip,verified,2026-10-02,Toni & Guy Hairdressing Academy-Cranston,RI,Cranston,https://rhodeisland.toniguy.edu/,private_for_profit,True
institutions,ipeds-460349,460349,2023-24,https://nces.ed.gov/ipeds/datacenter/data/HD2023.zip,verified,2026-10-02,Johnson & Wales University-Online,RI,Providence,https://online.jwu.edu/?_ga=2.36357734.752362341.1629739669-391300583.1600981500,private_nonprofit,True
institutions,ipeds-479062,479062,2023-24,https://nces.ed.gov/ipeds/datacenter/data/HD2023.zip,verified,2026-10-02,MotoRing Technical Training Institute,RI,East Providence,www.mtti.edu/,private_for_profit,True
institutions,ipeds-493822,493822,2023-24,https://nces.ed.gov/ipeds/datacenter/data/HD2023.zip,verified,2026-10-02,College Unbound,RI,Providence,collegeunbound.edu/,private_nonprofit,True
