domain,institution_key,unitid,academic_year,source_url,verification_status,last_verified_at,entering_fall_year,applicant_population,applications,admits,enrolled,sat_reading_25,sat_reading_75,sat_math_25,sat_math_75,act_25,act_75
admissions_metrics,ipeds-222178,222178,2023-24,https://nces.ed.gov/ipeds/datacenter/data/ADM2023.zip,verified,2026-10-02,2023,first_time_degree_certificate_seeking_undergraduate,10510,6714,862,540,650,520,640,22,28
admissions_metrics,ipeds-222831,222831,2023-24,https://nces.ed.gov/ipeds/datacenter/data/ADM2023.zip,verified,2026-10-02,2023,first_time_degree_certificate_seeking_undergraduate,4660,3692,1442,470,580,450,560,17,24
admissions_metrics,ipeds-222983,222983,2023-24,https://nces.ed.gov/ipeds/datacenter/data/ADM2023.zip,verified,2026-10-02,2023,first_time_degree_certificate_seeking_undergraduate,5474,2554,296,590,680,580,660,26,32
admissions_metrics,ipeds-223083,223083,2023-24,https://nces.ed.gov/ipeds/datacenter/data/ADM2023.zip,verified,2026-10-02,2023,first_time_degree_certificate_seeking_undergraduate,1,0,,,,,,,
admissions_metrics,ipeds-223117,223117,2023-24,https://nces.ed.gov/ipeds/datacenter/data/ADM2023.zip,verified,2026-10-02,2023,first_time_degree_certificate_seeking_undergraduate,13,3,3,,,,,,
admissions_metrics,ipeds-223232,223232,2023-24,https://nces.ed.gov/ipeds/datacenter/data/ADM2023.zip,verified,2026-10-02,2023,first_time_degree_certificate_seeking_undergraduate,39735,20262,3317,610,700,600,700,27,32
admissions_metrics,ipeds-223472,223472,2023-24,https://nces.ed.gov/ipeds/datacenter/data/ADM2023.zip,verified,2026-10-02,2023,first_time_degree_certificate_seeking_undergraduate,52,43,23,,,,,,
admissions_metrics,ipeds-224004,224004,2023-24,https://nces.ed.gov/ipeds/datacenter/data/ADM2023.zip,verified,2026-10-02,2023,first_time_degree_certificate_seeking_undergraduate,2170,1976,238,440,550,420,550,15,24
admissions_metrics,ipeds-224147,224147,2023-24,https://nces.ed.gov/ipeds/datacenter/data/ADM2023.zip,verified,2026-10-02,2023,first_time_degree_certificate_seeking_undergraduate,10675,9551,2064,500,600,470,580,18,25
admissions_metrics,ipeds-224226,224226,2023-24,https://nces.ed.gov/ipeds/datacenter/data/ADM2023.zip,verified,2026-10-02,2023,first_time_degree_certificate_seeking_undergraduate,8018,7303,579,490,620,470,597,21,27
admissions_metrics,ipeds-224244,224244,2023-24,https://nces.ed.gov/ipeds/datacenter/data/ADM2023.zip,verified,2026-10-02,2023,first_time_degree_certificate_seeking_undergraduate,313,263,89,370,565,360,560,13,21
admissions_metrics,ipeds-224323,224323,2023-24,https://nces.ed.gov/ipeds/datacenter/data/ADM2023.zip,verified,2026-10-02,2023,first_time_degree_certificate_seeking_undergraduate,4179,2265,348,600,710,570,660,25,32
admissions_metrics,ipeds-224527,224527,2023-24,https://nces.ed.gov/ipeds/datacenter/data/ADM2023.zip,verified,2026-10-02,2023,first_time_degree_certificate_seeking_undergraduate,1639,985,376,,,,,,
admissions_metrics,ipeds-224545,224545,2023-24,https://nces.ed.gov/ipeds/datacenter/data/ADM2023.zip,verified,2026-10-02,2023,first_time_degree_certificate_seeking_undergraduate,1802,1445,259,440,550,430,530,16,22
admissions_metrics,ipeds-224554,224554,2023-24,https://nces.ed.gov/ipeds/datacenter/data/ADM2023.zip,verified,2026-10-02,2023,first_time_degree_certificate_seeking_undergraduate,8231,7621,1172,480,590,460,580,18,24
admissions_metrics,ipeds-225201,225201,2023-24,https://nces.ed.gov/ipeds/datacenter/data/ADM2023.zip,verified,2026-10-02,2023,first_time_degree_certificate_seeking_undergraduate,113,111,110,,,,,,
admissions_metrics,ipeds-225247,225247,2023-24,https://nces.ed.gov/ipeds/datacenter/data/ADM2023.zip,verified,2026-10-02,2023,first_time_degree_certificate_seeking_undergraduate,2452,2367,356,480,600,488,590,18,24
admissions_metrics,ipeds-225399,225399,2023-24,https://nces.ed.gov/ipeds/datacenter/data/ADM2023.zip,verified,2026-10-02,2023,first_time_degree_certificate_seeking_undergraduate,9021,7681,729,490,610,480,590,19,28
admissions_metrics,ipeds-225414,225414,2023-24,https://nces.ed.gov/ipeds/datacenter/data/ADM2023.zip,verified,2026-10-02,2023,first_time_degree_certificate_seeking_undergraduate,2348,1768,439,500,590,490,580,18,23
admissions_metrics,ipeds-225432,225432,2023-24,https://nces.ed.gov/ipeds/datacenter/data/ADM2023.zip,verified,2026-10-02,2023,first_time_degree_certificate_seeking_undergraduate,6953,6302,1491,490,560,470,550,17,23
admissions_metrics,ipeds-225502,225502,2023-24,https://nces.ed.gov/ipeds/datacenter/data/ADM2023.zip,verified,2026-10-02,2023,first_time_degree_certificate_seeking_undergraduate,1881,1443,173,493,600,500,580,19,25
admissions_metrics,ipeds-225511,225511,2023-24,https://nces.ed.gov/ipeds/datacenter/data/ADM2023.zip,verified,2026-10-02,2023,first_time_degree_certificate_seeking_undergraduate,30327,21087,5652,580,660,570,670,23,28
admissions_metrics,ipeds-225548,225548,2023-24,https://nces.ed.gov/ipeds/datacenter/data/ADM2023.zip,verified,2026-10-02,2023,first_time_degree_certificate_seeking_undergraduate,1269,859,209,450,570,430,530,18,25
admissions_metrics,ipeds-225627,225627,2023-24,https://nces.ed.gov/ipeds/datacenter/data/ADM2023.zip,verified,2026-10-02,2023,first_time_degree_certificate_seeking_undergraduate,11162,10421,1067,470,580,430,560,17,24
admissions_metrics,ipeds-225991,225991,2023-24,https://nces.ed.gov/ipeds/datacenter/data/ADM2023.zip,verified,2026-10-02,2023,first_time_degree_certificate_seeking_undergraduate,79,49,33,,,,,,
admissions_metrics,ipeds-226091,226091,2023-24,https://nces.ed.gov/ipeds/datacenter/data/ADM2023.zip,verified,2026-10-02,2023,first_time_degree_certificate_seeking_undergraduate,7246,6212,1555,470,580,440,550,18,24
admissions_metrics,ipeds-226152,226152,2023-24,https://nces.ed.gov/ipeds/datacenter/data/ADM2023.zip,verified,2026-10-02,2023,first_time_degree_certificate_seeking_undergraduate,8309,3819,1382,470,580,450,550,16,20
admissions_metrics,ipeds-226231,226231,2023-24,https://nces.ed.gov/ipeds/datacenter/data/ADM2023.zip,verified,2026-10-02,2023,first_time_degree_certificate_seeking_undergraduate,3518,1431,343,570,690,570,680,23,30
admissions_metrics,ipeds-226383,226383,2023-24,https://nces.ed.gov/ipeds/datacenter/data/ADM2023.zip,verified,2026-10-02,2023,first_time_degree_certificate_seeking_undergraduate,1764,1291,284,460,590,440,570,19,25
admissions_metrics,ipeds-226471,226471,2023-24,https://nces.ed.gov/ipeds/datacenter/data/ADM2023.zip,verified,2026-10-02,2023,first_time_degree_certificate_seeking_undergraduate,11407,10850,825,490,620,480,580,19,26
admissions_metrics,ipeds-226587,226587,2023-24,https://nces.ed.gov/ipeds/datacenter/data/ADM2023.zip,verified,2026-10-02,2023,first_time_degree_certificate_seeking_undergraduate,4836,2788,318,500,580,510,590,18,25
admissions_metrics,ipeds-226833,226833,2023-24,https://nces.ed.gov/ipeds/datacenter/data/ADM2023.zip,verified,2026-10-02,2023,first_time_degree_certificate_seeking_undergraduate,5824,5089,806,,,,,,
admissions_metrics,ipeds-227216,227216,2023-24,https://nces.ed.gov/ipeds/datacenter/data/ADM2023.zip,verified,2026-10-02,2023,first_time_degree_certificate_seeking_undergraduate,36807,26671,6926,500,630,480,600,19,27
admissions_metrics,ipeds-227368,227368,2023-24,https://nces.ed.gov/ipeds/datacenter/data/ADM2023.zip,verified,2026-10-02,2023,first_time_degree_certificate_seeking_undergraduate,13542,11486,5634,470,570,440,540,16,22
admissions_metrics,ipeds-227429,227429,2023-24,https://nces.ed.gov/ipeds/datacenter/data/ADM2023.zip,verified,2026-10-02,2023,first_time_degree_certificate_seeking_undergraduate,3398,1149,167,,,,,,
admissions_metrics,ipeds-227526,227526,2023-24,https://nces.ed.gov/ipeds/datacenter/data/ADM2023.zip,verified,2026-10-02,2023,first_time_degree_certificate_seeking_undergraduate,8777,6609,2112,440,520,410,510,16,20
admissions_metrics,ipeds-227757,227757,2023-24,https://nces.ed.gov/ipeds/datacenter/data/ADM2023.zip,verified,2026-10-02,2023,first_time_degree_certificate_seeking_undergraduate,31059,2447,1125,730,770,770,800,34,36
admissions_metrics,ipeds-227845,227845,2023-24,https://nces.ed.gov/ipeds/datacenter/data/ADM2023.zip,verified,2026-10-02,2023,first_time_degree_certificate_seeking_undergraduate,5611,4696,659,530,640,500,595,20,25
admissions_metrics,ipeds-227863,227863,2023-24,https://nces.ed.gov/ipeds/datacenter/data/ADM2023.zip,verified,2026-10-02,2023,first_time_degree_certificate_seeking_undergraduate,1591,1485,672,545,680,530,660,22,28
admissions_metrics,ipeds-227881,227881,2023-24,https://nces.ed.gov/ipeds/datacenter/data/ADM2023.zip,verified,2026-10-02,2023,first_time_degree_certificate_seeking_undergraduate,17582,15014,3601,480,580,460,560,19,25
admissions_metrics,ipeds-228042,228042,2023-24,https://nces.ed.gov/ipeds/datacenter/data/ADM2023.zip,verified,2026-10-02,2023,first_time_degree_certificate_seeking_undergraduate,2128,1872,282,,,,,,
admissions_metrics,ipeds-228149,228149,2023-24,https://nces.ed.gov/ipeds/datacenter/data/ADM2023.zip,verified,2026-10-02,2023,first_time_degree_certificate_seeking_undergraduate,5203,4628,530,500,590,480,560,16,23
admissions_metrics,ipeds-228246,228246,2023-24,https://nces.ed.gov/ipeds/datacenter/data/ADM2023.zip,verified,2026-10-02,2023,first_time_degree_certificate_seeking_undergraduate,15092,9240,1592,660,730,660,750,30,34
admissions_metrics,ipeds-228325,228325,2023-24,https://nces.ed.gov/ipeds/datacenter/data/ADM2023.zip,verified,2026-10-02,2023,first_time_degree_certificate_seeking_undergraduate,615,518,286,463,560,463,550,17,22
admissions_metrics,ipeds-228343,228343,2023-24,https://nces.ed.gov/ipeds/datacenter/data/ADM2023.zip,verified,2026-10-02,2023,first_time_degree_certificate_seeking_undergraduate,6585,2573,403,600,690,570,650,24,30
admissions_metrics,ipeds-228431,228431,2023-24,https://nces.ed.gov/ipeds/datacenter/data/ADM2023.zip,verified,2026-10-02,2023,first_time_degree_certificate_seeking_undergraduate,12591,11112,2072,500,590,480,570,18,25
admissions_metrics,ipeds-228459,228459,2023-24,https://nces.ed.gov/ipeds/datacenter/data/ADM2023.zip,verified,2026-10-02,2023,first_time_degree_certificate_seeking_undergraduate,37183,33273,7930,500,610,480,580,19,26
admissions_metrics,ipeds-228468,228468,2023-24,https://nces.ed.gov/ipeds/datacenter/data/ADM2023.zip,verified,2026-10-02,2023,first_time_degree_certificate_seeking_undergraduate,1468,815,159,465,610,445,590,17,25
admissions_metrics,ipeds-228501,228501,2023-24,https://nces.ed.gov/ipeds/datacenter/data/ADM2023.zip,verified,2026-10-02,2023,first_time_degree_certificate_seeking_undergraduate,1073,1026,223,473,568,460,530,13,21
admissions_metrics,ipeds-228529,228529,2023-24,https://nces.ed.gov/ipeds/datacenter/data/ADM2023.zip,verified,2026-10-02,2023,first_time_degree_certificate_seeking_undergraduate,8746,8239,2702,490,580,470,570,19,24
admissions_metrics,ipeds-228705,228705,2023-24,https://nces.ed.gov/ipeds/datacenter/data/ADM2023.zip,verified,2026-10-02,2023,first_time_degree_certificate_seeking_undergraduate,7915,7305,1203,480,600,500,560,,
admissions_metrics,ipeds-228723,228723,2023-24,https://nces.ed.gov/ipeds/datacenter/data/ADM2023.zip,verified,2026-10-02,2023,first_time_degree_certificate_seeking_undergraduate,50832,32149,13753,570,680,570,700,25,31
admissions_metrics,ipeds-228769,228769,2023-24,https://nces.ed.gov/ipeds/datacenter/data/ADM2023.zip,verified,2026-10-02,2023,first_time_degree_certificate_seeking_undergraduate,23126,18799,5233,500,620,490,610,18,26
admissions_metrics,ipeds-228778,228778,2023-24,https://nces.ed.gov/ipeds/datacenter/data/ADM2023.zip,verified,2026-10-02,2023,first_time_degree_certificate_seeking_undergraduate,66109,19253,9385,620,730,610,760,27,33
admissions_metrics,ipeds-228787,228787,2023-24,https://nces.ed.gov/ipeds/datacenter/data/ADM2023.zip,verified,2026-10-02,2023,first_time_degree_certificate_seeking_undergraduate,29366,19224,4160,580,690,590,720,25,32
admissions_metrics,ipeds-228796,228796,2023-24,https://nces.ed.gov/ipeds/datacenter/data/ADM2023.zip,verified,2026-10-02,2023,first_time_degree_certificate_seeking_undergraduate,11171,11160,3940,440,550,430,540,17,23
admissions_metrics,ipeds-228802,228802,2023-24,https://nces.ed.gov/ipeds/datacenter/data/ADM2023.zip,verified,2026-10-02,2023,first_time_degree_certificate_seeking_undergraduate,5521,5054,1324,510,620,500,600,19,25
admissions_metrics,ipeds-228875,228875,2023-24,https://nces.ed.gov/ipeds/datacenter/data/ADM2023.zip,verified,2026-10-02,2023,first_time_degree_certificate_seeking_undergraduate,20517,8740,2488,580,690,570,685,26,31
admissions_metrics,ipeds-228981,228981,2023-24,https://nces.ed.gov/ipeds/datacenter/data/ADM2023.zip,verified,2026-10-02,2023,first_time_degree_certificate_seeking_undergraduate,1554,1473,288,520,620,510,610,22,28
admissions_metrics,ipeds-229018,229018,2023-24,https://nces.ed.gov/ipeds/datacenter/data/ADM2023.zip,verified,2026-10-02,2023,first_time_degree_certificate_seeking_undergraduate,1718,1451,674,470,560,440,550,16,20
admissions_metrics,ipeds-229027,229027,2023-24,https://nces.ed.gov/ipeds/datacenter/data/ADM2023.zip,verified,2026-10-02,2023,first_time_degree_certificate_seeking_undergraduate,22497,19900,5877,510,610,490,590,19,26
admissions_metrics,ipeds-229063,229063,2023-24,https://nces.ed.gov/ipeds/datacenter/data/ADM2023.zip,verified,2026-10-02,2023,first_time_degree_certificate_seeking_undergraduate,7867,7344,1657,420,510,380,490,15,19
admissions_metrics,ipeds-229115,229115,2023-24,https://nces.ed.gov/ipeds/datacenter/data/ADM2023.zip,verified,2026-10-02,2023,first_time_degree_certificate_seeking_undergraduate,34020,24116,7217,550,640,540,630,22,28
admissions_metrics,ipeds-229160,229160,2023-24,https://nces.ed.gov/ipeds/datacenter/data/ADM2023.zip,verified,2026-10-02,2023,first_time_degree_certificate_seeking_undergraduate,4725,2948,493,490,580,480,570,16,23
admissions_metrics,ipeds-229179,229179,2023-24,https://nces.ed.gov/ipeds/datacenter/data/ADM2023.zip,verified,2026-10-02,2023,first_time_degree_certificate_seeking_undergraduate,7584,7204,1473,,,,,,
admissions_metrics,ipeds-229267,229267,2023-24,https://nces.ed.gov/ipeds/datacenter/data/ADM2023.zip,verified,2026-10-02,2023,first_time_degree_certificate_seeking_undergraduate,11425,3217,659,670,735,650,730,30,33
admissions_metrics,ipeds-229780,229780,2023-24,https://nces.ed.gov/ipeds/datacenter/data/ADM2023.zip,verified,2026-10-02,2023,first_time_degree_certificate_seeking_undergraduate,1974,1067,,,,,,,
admissions_metrics,ipeds-229814,229814,2023-24,https://nces.ed.gov/ipeds/datacenter/data/ADM2023.zip,verified,2026-10-02,2023,first_time_degree_certificate_seeking_undergraduate,4784,4657,1266,490,590,470,570,18,24
admissions_metrics,ipeds-369783,369783,2023-24,https://nces.ed.gov/ipeds/datacenter/data/ADM2023.zip,verified,2026-10-02,2023,first_time_degree_certificate_seeking_undergraduate,152,152,138,,,,,,
admissions_metrics,ipeds-377218,377218,2023-24,https://nces.ed.gov/ipeds/datacenter/data/ADM2023.zip,verified,2026-10-02,2023,first_time_degree_certificate_seeking_undergraduate,58,34,15,,,,,,
admissions_metrics,ipeds-417752,417752,2023-24,https://nces.ed.gov/ipeds/datacenter/data/ADM2023.zip,verified,2026-10-02,2023,first_time_degree_certificate_seeking_undergraduate,14,7,7,,,,,,
admissions_metrics,ipeds-437732,437732,2023-24,https://nces.ed.gov/ipeds/datacenter/data/ADM2023.zip,verified,2026-10-02,2023,first_time_degree_certificate_seeking_undergraduate,0,,,,,,,,
admissions_metrics,ipeds-439701,439701,2023-24,https://nces.ed.gov/ipeds/datacenter/data/ADM2023.zip,verified,2026-10-02,2023,first_time_degree_certificate_seeking_undergraduate,25,25,22,,,,,,
admissions_metrics,ipeds-441742,441742,2023-24,https://nces.ed.gov/ipeds/datacenter/data/ADM2023.zip,verified,2026-10-02,2023,first_time_degree_certificate_seeking_undergraduate,377,377,257,,,,,,
admissions_metrics,ipeds-458034,458034,2023-24,https://nces.ed.gov/ipeds/datacenter/data/ADM2023.zip,verified,2026-10-02,2023,first_time_degree_certificate_seeking_undergraduate,5,2,2,,,,,,
admissions_metrics,ipeds-459949,459949,2023-24,https://nces.ed.gov/ipeds/datacenter/data/ADM2023.zip,verified,2026-10-02,2023,first_time_degree_certificate_seeking_undergraduate,7773,7151,1025,430,540,420,530,15,21
admissions_metrics,ipeds-460181,460181,2023-24,https://nces.ed.gov/ipeds/datacenter/data/ADM2023.zip,verified,2026-10-02,2023,first_time_degree_certificate_seeking_undergraduate,286,277,158,,,,,,
admissions_metrics,ipeds-460206,460206,2023-24,https://nces.ed.gov/ipeds/datacenter/data/ADM2023.zip,verified,2026-10-02,2023,first_time_degree_certificate_seeking_undergraduate,122,121,77,,,,,,
admissions_metrics,ipeds-466930,466930,2023-24,https://nces.ed.gov/ipeds/datacenter/data/ADM2023.zip,verified,2026-10-02,2023,first_time_degree_certificate_seeking_undergraduate,46,44,33,,,,,,
admissions_metrics,ipeds-475608,475608,2023-24,https://nces.ed.gov/ipeds/datacenter/data/ADM2023.zip,verified,2026-10-02,2023,first_time_degree_certificate_seeking_undergraduate,24,22,18,,,,,,
admissions_metrics,ipeds-482635,482635,2023-24,https://nces.ed.gov/ipeds/datacenter/data/ADM2023.zip,verified,2026-10-02,2023,first_time_degree_certificate_seeking_undergraduate,1,0,,,,,,,
admissions_metrics,ipeds-483036,483036,2023-24,https://nces.ed.gov/ipeds/datacenter/data/ADM2023.zip,verified,2026-10-02,2023,first_time_degree_certificate_seeking_undergraduate,33,33,26,,,,,,
admissions_metrics,ipeds-484905,484905,2023-24,https://nces.ed.gov/ipeds/datacenter/data/ADM2023.zip,verified,2026-10-02,2023,first_time_degree_certificate_seeking_undergraduate,3939,3697,469,415,510,405,480,14,21
admissions_metrics,ipeds-485360,485360,2023-24,https://nces.ed.gov/ipeds/datacenter/data/ADM2023.zip,verified,2026-10-02,2023,first_time_degree_certificate_seeking_undergraduate,3,3,3,,,,,,
admissions_metrics,ipeds-491251,491251,2023-24,https://nces.ed.gov/ipeds/datacenter/data/ADM2023.zip,verified,2026-10-02,2023,first_time_degree_certificate_seeking_undergraduate,87,55,22,,,,,,
admissions_metrics,ipeds-492607,492607,2023-24,https://nces.ed.gov/ipeds/datacenter/data/ADM2023.zip,verified,2026-10-02,2023,first_time_degree_certificate_seeking_undergraduate,10,4,1,,,,,,
admissions_metrics,ipeds-494162,494162,2023-24,https://nces.ed.gov/ipeds/datacenter/data/ADM2023.zip,verified,2026-10-02,2023,first_time_degree_certificate_seeking_undergraduate,72,72,27,,,,,,
admissions_metrics,ipeds-494603,494603,2023-24,https://nces.ed.gov/ipeds/datacenter/data/ADM2023.zip,verified,2026-10-02,2023,first_time_degree_certificate_seeking_undergraduate,273,144,129,,,,,,
admissions_metrics,ipeds-497037,497037,2023-24,https://nces.ed.gov/ipeds/datacenter/data/ADM2023.zip,verified,2026-10-02,2023,first_time_degree_certificate_seeking_undergraduate,150,150,108,,,,,,
admissions_metrics,ipeds-497462,497462,2023-24,https://nces.ed.gov/ipeds/datacenter/data/ADM2023.zip,verified,2026-10-02,2023,first_time_degree_certificate_seeking_undergraduate,13,12,0,,,,,,
