domain,institution_key,unitid,academic_year,source_url,verification_status,last_verified_at,residency,student_population,tuition,mandatory_fees,books_supplies,on_campus_food_housing,on_campus_other_expenses,total_cost_of_attendance,currency
costs,ipeds-230038,230038,2023-24,https://nces.ed.gov/ipeds/datacenter/data/IC2023_AY.zip,verified,2026-10-02,district,full_time_first_time_undergraduate,6496,0,1040,9720,5736,,USD
costs,ipeds-230038,230038,2023-24,https://nces.ed.gov/ipeds/datacenter/data/IC2023_AY.zip,verified,2026-10-02,in_state,full_time_first_time_undergraduate,6496,0,1040,9720,5736,,USD
costs,ipeds-230038,230038,2023-24,https://nces.ed.gov/ipeds/datacenter/data/IC2023_AY.zip,verified,2026-10-02,out_of_state,full_time_first_time_undergraduate,6496,0,1040,9720,5736,,USD
costs,ipeds-230171,230171,2023-24,https://nces.ed.gov/ipeds/datacenter/data/IC2023_AY.zip,verified,2026-10-02,district,full_time_first_time_undergraduate,5266,808,900,9308,7382,,USD
costs,ipeds-230171,230171,2023-24,https://nces.ed.gov/ipeds/datacenter/data/IC2023_AY.zip,verified,2026-10-02,in_state,full_time_first_time_undergraduate,5266,808,900,9308,7382,,USD
costs,ipeds-230171,230171,2023-24,https://nces.ed.gov/ipeds/datacenter/data/IC2023_AY.zip,verified,2026-10-02,out_of_state,full_time_first_time_undergraduate,16836,808,900,9308,7382,,USD
costs,ipeds-230366,230366,2023-24,https://nces.ed.gov/ipeds/datacenter/data/IC2023_AY.zip,verified,2026-10-02,district,full_time_first_time_undergraduate,16491,0,,,,,USD
costs,ipeds-230366,230366,2023-24,https://nces.ed.gov/ipeds/datacenter/data/IC2023_AY.zip,verified,2026-10-02,in_state,full_time_first_time_undergraduate,16491,0,,,,,USD
costs,ipeds-230366,230366,2023-24,https://nces.ed.gov/ipeds/datacenter/data/IC2023_AY.zip,verified,2026-10-02,out_of_state,full_time_first_time_undergraduate,16491,0,,,,,USD
costs,ipeds-230418,230418,2023-24,https://nces.ed.gov/ipeds/datacenter/data/IC2023_AY.zip,verified,2026-10-02,district,full_time_first_time_undergraduate,3888,0,270,,,,USD
costs,ipeds-230418,230418,2023-24,https://nces.ed.gov/ipeds/datacenter/data/IC2023_AY.zip,verified,2026-10-02,in_state,full_time_first_time_undergraduate,3888,0,270,,,,USD
costs,ipeds-230418,230418,2023-24,https://nces.ed.gov/ipeds/datacenter/data/IC2023_AY.zip,verified,2026-10-02,out_of_state,full_time_first_time_undergraduate,3888,0,270,,,,USD
costs,ipeds-230597,230597,2023-24,https://nces.ed.gov/ipeds/datacenter/data/IC2023_AY.zip,verified,2026-10-02,district,full_time_first_time_undergraduate,4180,384,1000,5050,3000,,USD
costs,ipeds-230597,230597,2023-24,https://nces.ed.gov/ipeds/datacenter/data/IC2023_AY.zip,verified,2026-10-02,in_state,full_time_first_time_undergraduate,4180,384,1000,5050,3000,,USD
costs,ipeds-230597,230597,2023-24,https://nces.ed.gov/ipeds/datacenter/data/IC2023_AY.zip,verified,2026-10-02,out_of_state,full_time_first_time_undergraduate,13746,384,1000,5050,3000,,USD
costs,ipeds-230603,230603,2023-24,https://nces.ed.gov/ipeds/datacenter/data/IC2023_AY.zip,verified,2026-10-02,district,full_time_first_time_undergraduate,6006,764,800,8824,3900,,USD
costs,ipeds-230603,230603,2023-24,https://nces.ed.gov/ipeds/datacenter/data/IC2023_AY.zip,verified,2026-10-02,in_state,full_time_first_time_undergraduate,6006,764,800,8824,3900,,USD
costs,ipeds-230603,230603,2023-24,https://nces.ed.gov/ipeds/datacenter/data/IC2023_AY.zip,verified,2026-10-02,out_of_state,full_time_first_time_undergraduate,19822,764,800,8824,3900,,USD
costs,ipeds-230728,230728,2023-24,https://nces.ed.gov/ipeds/datacenter/data/IC2023_AY.zip,verified,2026-10-02,district,full_time_first_time_undergraduate,8310,918,856,8644,4192,,USD
costs,ipeds-230728,230728,2023-24,https://nces.ed.gov/ipeds/datacenter/data/IC2023_AY.zip,verified,2026-10-02,in_state,full_time_first_time_undergraduate,8310,918,856,8644,4192,,USD
costs,ipeds-230728,230728,2023-24,https://nces.ed.gov/ipeds/datacenter/data/IC2023_AY.zip,verified,2026-10-02,out_of_state,full_time_first_time_undergraduate,23884,918,856,8644,4192,,USD
costs,ipeds-230737,230737,2023-24,https://nces.ed.gov/ipeds/datacenter/data/IC2023_AY.zip,verified,2026-10-02,district,full_time_first_time_undergraduate,5614,656,670,,,,USD
costs,ipeds-230737,230737,2023-24,https://nces.ed.gov/ipeds/datacenter/data/IC2023_AY.zip,verified,2026-10-02,in_state,full_time_first_time_undergraduate,5614,656,670,,,,USD
costs,ipeds-230737,230737,2023-24,https://nces.ed.gov/ipeds/datacenter/data/IC2023_AY.zip,verified,2026-10-02,out_of_state,full_time_first_time_undergraduate,17174,656,670,,,,USD
costs,ipeds-230746,230746,2023-24,https://nces.ed.gov/ipeds/datacenter/data/IC2023_AY.zip,verified,2026-10-02,district,full_time_first_time_undergraduate,3778,479,700,,,,USD
costs,ipeds-230746,230746,2023-24,https://nces.ed.gov/ipeds/datacenter/data/IC2023_AY.zip,verified,2026-10-02,in_state,full_time_first_time_undergraduate,3778,479,700,,,,USD
costs,ipeds-230746,230746,2023-24,https://nces.ed.gov/ipeds/datacenter/data/IC2023_AY.zip,verified,2026-10-02,out_of_state,full_time_first_time_undergraduate,13222,479,700,,,,USD
costs,ipeds-230764,230764,2023-24,https://nces.ed.gov/ipeds/datacenter/data/IC2023_AY.zip,verified,2026-10-02,district,full_time_first_time_undergraduate,8175,1140,1100,12398,7800,,USD
costs,ipeds-230764,230764,2023-24,https://nces.ed.gov/ipeds/datacenter/data/IC2023_AY.zip,verified,2026-10-02,in_state,full_time_first_time_undergraduate,8175,1140,1100,12398,7800,,USD
costs,ipeds-230764,230764,2023-24,https://nces.ed.gov/ipeds/datacenter/data/IC2023_AY.zip,verified,2026-10-02,out_of_state,full_time_first_time_undergraduate,28697,1140,1100,12398,7800,,USD
costs,ipeds-230782,230782,2023-24,https://nces.ed.gov/ipeds/datacenter/data/IC2023_AY.zip,verified,2026-10-02,district,full_time_first_time_undergraduate,5471,920,1400,9232,5060,,USD
costs,ipeds-230782,230782,2023-24,https://nces.ed.gov/ipeds/datacenter/data/IC2023_AY.zip,verified,2026-10-02,in_state,full_time_first_time_undergraduate,5471,920,1400,9232,5060,,USD
costs,ipeds-230782,230782,2023-24,https://nces.ed.gov/ipeds/datacenter/data/IC2023_AY.zip,verified,2026-10-02,out_of_state,full_time_first_time_undergraduate,16164,920,1400,9232,5060,,USD
costs,ipeds-230807,230807,2023-24,https://nces.ed.gov/ipeds/datacenter/data/IC2023_AY.zip,verified,2026-10-02,district,full_time_first_time_undergraduate,40896,520,1000,11770,3681,,USD
costs,ipeds-230807,230807,2023-24,https://nces.ed.gov/ipeds/datacenter/data/IC2023_AY.zip,verified,2026-10-02,in_state,full_time_first_time_undergraduate,40896,520,1000,11770,3681,,USD
costs,ipeds-230807,230807,2023-24,https://nces.ed.gov/ipeds/datacenter/data/IC2023_AY.zip,verified,2026-10-02,out_of_state,full_time_first_time_undergraduate,40896,520,1000,11770,3681,,USD
costs,ipeds-380438,380438,2023-24,https://nces.ed.gov/ipeds/datacenter/data/IC2023_AY.zip,verified,2026-10-02,district,full_time_first_time_undergraduate,16491,0,,,,,USD
costs,ipeds-380438,380438,2023-24,https://nces.ed.gov/ipeds/datacenter/data/IC2023_AY.zip,verified,2026-10-02,in_state,full_time_first_time_undergraduate,16491,0,,,,,USD
costs,ipeds-380438,380438,2023-24,https://nces.ed.gov/ipeds/datacenter/data/IC2023_AY.zip,verified,2026-10-02,out_of_state,full_time_first_time_undergraduate,16491,0,,,,,USD
costs,ipeds-433387,433387,2023-24,https://nces.ed.gov/ipeds/datacenter/data/IC2023_AY.zip,verified,2026-10-02,district,full_time_first_time_undergraduate,7710,590,200,,,,USD
costs,ipeds-433387,433387,2023-24,https://nces.ed.gov/ipeds/datacenter/data/IC2023_AY.zip,verified,2026-10-02,in_state,full_time_first_time_undergraduate,7710,590,200,,,,USD
costs,ipeds-433387,433387,2023-24,https://nces.ed.gov/ipeds/datacenter/data/IC2023_AY.zip,verified,2026-10-02,out_of_state,full_time_first_time_undergraduate,7710,590,200,,,,USD
costs,ipeds-445692,445692,2023-24,https://nces.ed.gov/ipeds/datacenter/data/IC2023_AY.zip,verified,2026-10-02,district,full_time_first_time_undergraduate,25500,1875,1200,14724,4320,,USD
costs,ipeds-445692,445692,2023-24,https://nces.ed.gov/ipeds/datacenter/data/IC2023_AY.zip,verified,2026-10-02,in_state,full_time_first_time_undergraduate,25500,1875,1200,14724,4320,,USD
costs,ipeds-445692,445692,2023-24,https://nces.ed.gov/ipeds/datacenter/data/IC2023_AY.zip,verified,2026-10-02,out_of_state,full_time_first_time_undergraduate,25500,1875,1200,14724,4320,,USD
costs,ipeds-447263,447263,2023-24,https://nces.ed.gov/ipeds/datacenter/data/IC2023_AY.zip,verified,2026-10-02,district,full_time_first_time_undergraduate,17800,2980,,,,,USD
costs,ipeds-447263,447263,2023-24,https://nces.ed.gov/ipeds/datacenter/data/IC2023_AY.zip,verified,2026-10-02,in_state,full_time_first_time_undergraduate,17800,2980,,,,,USD
costs,ipeds-447263,447263,2023-24,https://nces.ed.gov/ipeds/datacenter/data/IC2023_AY.zip,verified,2026-10-02,out_of_state,full_time_first_time_undergraduate,17800,2980,,,,,USD
costs,ipeds-456454,456454,2023-24,https://nces.ed.gov/ipeds/datacenter/data/IC2023_AY.zip,verified,2026-10-02,district,full_time_first_time_undergraduate,12928,184,1259,,,,USD
costs,ipeds-456454,456454,2023-24,https://nces.ed.gov/ipeds/datacenter/data/IC2023_AY.zip,verified,2026-10-02,in_state,full_time_first_time_undergraduate,12928,184,1259,,,,USD
costs,ipeds-456454,456454,2023-24,https://nces.ed.gov/ipeds/datacenter/data/IC2023_AY.zip,verified,2026-10-02,out_of_state,full_time_first_time_undergraduate,12928,184,1259,,,,USD
costs,ipeds-480985,480985,2023-24,https://nces.ed.gov/ipeds/datacenter/data/IC2023_AY.zip,verified,2026-10-02,district,full_time_first_time_undergraduate,7760,496,875,,,,USD
costs,ipeds-480985,480985,2023-24,https://nces.ed.gov/ipeds/datacenter/data/IC2023_AY.zip,verified,2026-10-02,in_state,full_time_first_time_undergraduate,7760,496,875,,,,USD
costs,ipeds-480985,480985,2023-24,https://nces.ed.gov/ipeds/datacenter/data/IC2023_AY.zip,verified,2026-10-02,out_of_state,full_time_first_time_undergraduate,7760,496,875,,,,USD
costs,ipeds-497268,497268,2023-24,https://nces.ed.gov/ipeds/datacenter/data/IC2023_AY.zip,verified,2026-10-02,district,full_time_first_time_undergraduate,21306,1280,,,,,USD
costs,ipeds-497268,497268,2023-24,https://nces.ed.gov/ipeds/datacenter/data/IC2023_AY.zip,verified,2026-10-02,in_state,full_time_first_time_undergraduate,21306,1280,,,,,USD
costs,ipeds-497268,497268,2023-24,https://nces.ed.gov/ipeds/datacenter/data/IC2023_AY.zip,verified,2026-10-02,out_of_state,full_time_first_time_undergraduate,21306,1280,,,,,USD
costs,ipeds-499307,499307,2023-24,https://nces.ed.gov/ipeds/datacenter/data/IC2023_AY.zip,verified,2026-10-02,district,full_time_first_time_undergraduate,15660,200,2750,,,,USD
costs,ipeds-499307,499307,2023-24,https://nces.ed.gov/ipeds/datacenter/data/IC2023_AY.zip,verified,2026-10-02,in_state,full_time_first_time_undergraduate,15660,200,2750,,,,USD
costs,ipeds-499307,499307,2023-24,https://nces.ed.gov/ipeds/datacenter/data/IC2023_AY.zip,verified,2026-10-02,out_of_state,full_time_first_time_undergraduate,15660,200,2750,,,,USD
